filename,label
image_0.jpg,0
image_1.jpg,0
image_2.jpg,0
image_3.jpg,0
image_4.jpg,0
image_5.jpg,0
image_6.jpg,0
image_7.jpg,0
image_8.jpg,0
image_9.jpg,0
image_10.jpg,0
image_11.jpg,0
image_12.jpg,0
image_13.jpg,0
image_14.jpg,0
image_15.jpg,0
image_16.jpg,0
image_17.jpg,0
image_18.jpg,0
image_19.jpg,0
image_20.jpg,0
image_21.jpg,0
image_22.jpg,0
image_23.jpg,0
image_24.jpg,0
image_25.jpg,0
image_26.jpg,0
image_27.jpg,0
image_28.jpg,0
image_29.jpg,0
image_30.jpg,0
image_31.jpg,0
image_32.jpg,0
image_33.jpg,0
image_34.jpg,0
image_35.jpg,0
image_36.jpg,0
image_37.jpg,0
image_38.jpg,0
image_39.jpg,0
image_40.jpg,0
image_41.jpg,0
image_42.jpg,0
image_43.jpg,0
image_44.jpg,0
image_45.jpg,0
image_46.jpg,0
image_47.jpg,0
image_48.jpg,0
image_49.jpg,0
image_50.jpg,0
image_51.jpg,0
image_52.jpg,0
image_53.jpg,0
image_54.jpg,0
image_55.jpg,0
image_56.jpg,0
image_57.jpg,0
image_58.jpg,0
image_59.jpg,0
image_60.jpg,0
image_61.jpg,0
image_62.jpg,0
image_63.jpg,0
image_64.jpg,0
image_65.jpg,0
image_66.jpg,0
image_67.jpg,0
image_68.jpg,0
image_69.jpg,0
image_70.jpg,0
image_71.jpg,0
image_72.jpg,0
image_73.jpg,0
image_74.jpg,0
image_75.jpg,0
image_76.jpg,0
image_77.jpg,0
image_78.jpg,0
image_79.jpg,0
image_80.jpg,0
image_81.jpg,0
image_82.jpg,0
image_83.jpg,0
image_84.jpg,0
image_85.jpg,0
image_86.jpg,0
image_87.jpg,0
image_88.jpg,0
image_89.jpg,0
image_90.jpg,0
image_91.jpg,0
image_92.jpg,0
image_93.jpg,0
image_94.jpg,0
image_95.jpg,0
image_96.jpg,0
image_97.jpg,0
image_98.jpg,0
image_99.jpg,0
image_100.jpg,0
image_101.jpg,0
image_102.jpg,0
image_103.jpg,0
image_104.jpg,0
image_105.jpg,0
image_106.jpg,0
image_107.jpg,0
image_108.jpg,0
image_109.jpg,0
image_110.jpg,0
image_111.jpg,0
image_112.jpg,0
image_113.jpg,0
image_114.jpg,0
image_115.jpg,0
image_116.jpg,0
image_117.jpg,0
image_118.jpg,0
image_119.jpg,0
image_120.jpg,0
image_121.jpg,0
image_122.jpg,0
image_123.jpg,0
image_124.jpg,0
image_125.jpg,0
image_126.jpg,0
image_127.jpg,0
image_128.jpg,0
image_129.jpg,0
image_130.jpg,0
image_131.jpg,0
image_132.jpg,0
image_133.jpg,0
image_134.jpg,0
image_135.jpg,0
image_136.jpg,0
image_137.jpg,0
image_138.jpg,0
image_139.jpg,0
image_140.jpg,0
image_141.jpg,0
image_142.jpg,0
image_143.jpg,0
image_144.jpg,0
image_145.jpg,0
image_146.jpg,0
image_147.jpg,0
image_148.jpg,0
image_149.jpg,0
image_150.jpg,0
image_151.jpg,0
image_152.jpg,0
image_153.jpg,0
image_154.jpg,0
image_155.jpg,0
image_156.jpg,0
image_157.jpg,0
image_158.jpg,0
image_159.jpg,0
image_160.jpg,0
image_161.jpg,0
image_162.jpg,0
image_163.jpg,0
image_164.jpg,0
image_165.jpg,0
image_166.jpg,0
image_167.jpg,0
image_168.jpg,0
image_169.jpg,0
image_170.jpg,0
image_171.jpg,0
image_172.jpg,0
image_173.jpg,0
image_174.jpg,0
image_175.jpg,0
image_176.jpg,0
image_177.jpg,0
image_178.jpg,0
image_179.jpg,0
image_180.jpg,0
image_181.jpg,0
image_182.jpg,0
image_183.jpg,0
image_184.jpg,0
image_185.jpg,0
image_186.jpg,0
image_187.jpg,0
image_188.jpg,0
image_189.jpg,0
image_190.jpg,0
image_191.jpg,0
image_192.jpg,0
image_193.jpg,0
image_194.jpg,0
image_195.jpg,0
image_196.jpg,0
image_197.jpg,0
image_198.jpg,0
image_199.jpg,0
image_200.jpg,0
image_201.jpg,0
image_202.jpg,0
image_203.jpg,0
image_204.jpg,0
image_205.jpg,0
image_206.jpg,0
image_207.jpg,0
image_208.jpg,0
image_209.jpg,0
image_210.jpg,0
image_211.jpg,0
image_212.jpg,0
image_213.jpg,0
image_214.jpg,0
image_215.jpg,0
image_216.jpg,0
image_217.jpg,0
image_218.jpg,0
image_219.jpg,0
image_220.jpg,0
image_221.jpg,0
image_222.jpg,0
image_223.jpg,0
image_224.jpg,0
image_225.jpg,0
image_226.jpg,0
image_227.jpg,0
image_228.jpg,0
image_229.jpg,0
image_230.jpg,0
image_231.jpg,0
image_232.jpg,0
image_233.jpg,0
image_234.jpg,0
image_235.jpg,0
image_236.jpg,0
image_237.jpg,0
image_238.jpg,0
image_239.jpg,0
image_240.jpg,0
image_241.jpg,0
image_242.jpg,0
image_243.jpg,0
image_244.jpg,0
image_245.jpg,0
image_246.jpg,0
image_247.jpg,0
image_248.jpg,0
image_249.jpg,0
image_250.jpg,0
image_251.jpg,0
image_252.jpg,0
image_253.jpg,0
image_254.jpg,0
image_255.jpg,0
image_256.jpg,0
image_257.jpg,0
image_258.jpg,0
image_259.jpg,0
image_260.jpg,0
image_261.jpg,0
image_262.jpg,0
image_263.jpg,0
image_264.jpg,0
image_265.jpg,0
image_266.jpg,0
image_267.jpg,0
image_268.jpg,0
image_269.jpg,0
image_270.jpg,0
image_271.jpg,0
image_272.jpg,0
image_273.jpg,0
image_274.jpg,0
image_275.jpg,0
image_276.jpg,0
image_277.jpg,0
image_278.jpg,0
image_279.jpg,0
image_280.jpg,0
image_281.jpg,0
image_282.jpg,0
image_283.jpg,0
image_284.jpg,0
image_285.jpg,0
image_286.jpg,0
image_287.jpg,0
image_288.jpg,0
image_289.jpg,0
image_290.jpg,0
image_291.jpg,0
image_292.jpg,0
image_293.jpg,0
image_294.jpg,0
image_295.jpg,0
image_296.jpg,0
image_297.jpg,0
image_298.jpg,0
image_299.jpg,0
image_300.jpg,0
image_301.jpg,0
image_302.jpg,0
image_303.jpg,0
image_304.jpg,0
image_305.jpg,0
image_306.jpg,0
image_307.jpg,0
image_308.jpg,0
image_309.jpg,0
image_310.jpg,0
image_311.jpg,0
image_312.jpg,0
image_313.jpg,0
image_314.jpg,0
image_315.jpg,0
image_316.jpg,0
image_317.jpg,0
image_318.jpg,0
image_319.jpg,0
image_320.jpg,0
image_321.jpg,0
image_322.jpg,0
image_323.jpg,0
image_324.jpg,0
image_325.jpg,0
image_326.jpg,0
image_327.jpg,0
image_328.jpg,0
image_329.jpg,0
image_330.jpg,0
image_331.jpg,0
image_332.jpg,0
image_333.jpg,0
image_334.jpg,0
image_335.jpg,0
image_336.jpg,0
image_337.jpg,0
image_338.jpg,0
image_339.jpg,0
image_340.jpg,0
image_341.jpg,0
image_342.jpg,0
image_343.jpg,0
image_344.jpg,0
image_345.jpg,0
image_346.jpg,0
image_347.jpg,0
image_348.jpg,0
image_349.jpg,0
image_350.jpg,0
image_351.jpg,0
image_352.jpg,0
image_353.jpg,0
image_354.jpg,0
image_355.jpg,0
image_356.jpg,0
image_357.jpg,0
image_358.jpg,0
image_359.jpg,0
image_360.jpg,0
image_361.jpg,0
image_362.jpg,0
image_363.jpg,0
image_364.jpg,0
image_365.jpg,0
image_366.jpg,0
image_367.jpg,0
image_368.jpg,0
image_369.jpg,0
image_370.jpg,0
image_371.jpg,0
image_372.jpg,0
image_373.jpg,0
image_374.jpg,0
image_375.jpg,0
image_376.jpg,0
image_377.jpg,0
image_378.jpg,0
image_379.jpg,0
image_380.jpg,0
image_381.jpg,0
image_382.jpg,0
image_383.jpg,0
image_384.jpg,0
image_385.jpg,0
image_386.jpg,0
image_387.jpg,0
image_388.jpg,0
image_389.jpg,0
image_390.jpg,0
image_391.jpg,0
image_392.jpg,0
image_393.jpg,0
image_394.jpg,0
image_395.jpg,0
image_396.jpg,0
image_397.jpg,0
image_398.jpg,0
image_399.jpg,0
image_400.jpg,0
image_401.jpg,0
image_402.jpg,0
image_403.jpg,0
image_404.jpg,0
image_405.jpg,0
image_406.jpg,0
image_407.jpg,0
image_408.jpg,0
image_409.jpg,0
image_410.jpg,0
image_411.jpg,0
image_412.jpg,0
image_413.jpg,0
image_414.jpg,0
image_415.jpg,0
image_416.jpg,0
image_417.jpg,0
image_418.jpg,0
image_419.jpg,0
image_420.jpg,0
image_421.jpg,0
image_422.jpg,0
image_423.jpg,0
image_424.jpg,0
image_425.jpg,0
image_426.jpg,0
image_427.jpg,0
image_428.jpg,0
image_429.jpg,0
image_430.jpg,0
image_431.jpg,0
image_432.jpg,0
image_433.jpg,0
image_434.jpg,0
image_435.jpg,0
image_436.jpg,0
image_437.jpg,0
image_438.jpg,0
image_439.jpg,0
image_440.jpg,0
image_441.jpg,0
image_442.jpg,0
image_443.jpg,0
image_444.jpg,0
image_445.jpg,0
image_446.jpg,0
image_447.jpg,0
image_448.jpg,0
image_449.jpg,0
image_450.jpg,0
image_451.jpg,0
image_452.jpg,0
image_453.jpg,0
image_454.jpg,0
image_455.jpg,0
image_456.jpg,0
image_457.jpg,0
image_458.jpg,0
image_459.jpg,0
image_460.jpg,0
image_461.jpg,0
image_462.jpg,0
image_463.jpg,0
image_464.jpg,0
image_465.jpg,0
image_466.jpg,0
image_467.jpg,0
image_468.jpg,0
image_469.jpg,0
image_470.jpg,0
image_471.jpg,0
image_472.jpg,0
image_473.jpg,0
image_474.jpg,0
image_475.jpg,0
image_476.jpg,0
image_477.jpg,0
image_478.jpg,0
image_479.jpg,0
image_480.jpg,0
image_481.jpg,0
image_482.jpg,0
image_483.jpg,0
image_484.jpg,0
image_485.jpg,0
image_486.jpg,0
image_487.jpg,0
image_488.jpg,0
image_489.jpg,0
image_490.jpg,0
image_491.jpg,0
image_492.jpg,0
image_493.jpg,0
image_494.jpg,0
image_495.jpg,0
image_496.jpg,0
image_497.jpg,0
image_498.jpg,0
image_499.jpg,0
image_500.jpg,0
image_501.jpg,0
image_502.jpg,0
image_503.jpg,0
image_504.jpg,0
image_505.jpg,0
image_506.jpg,0
image_507.jpg,0
image_508.jpg,0
image_509.jpg,0
image_510.jpg,0
image_511.jpg,0
image_512.jpg,0
image_513.jpg,0
image_514.jpg,0
image_515.jpg,0
image_516.jpg,0
image_517.jpg,0
image_518.jpg,0
image_519.jpg,0
image_520.jpg,0
image_521.jpg,0
image_522.jpg,0
image_523.jpg,0
image_524.jpg,0
image_525.jpg,0
image_526.jpg,0
image_527.jpg,0
image_528.jpg,0
image_529.jpg,0
image_530.jpg,0
image_531.jpg,0
image_532.jpg,0
image_533.jpg,0
image_534.jpg,0
image_535.jpg,0
image_536.jpg,0
image_537.jpg,0
image_538.jpg,0
image_539.jpg,0
image_540.jpg,0
image_541.jpg,0
image_542.jpg,0
image_543.jpg,0
image_544.jpg,0
image_545.jpg,0
image_546.jpg,0
image_547.jpg,0
image_548.jpg,0
image_549.jpg,0
image_550.jpg,0
image_551.jpg,0
image_552.jpg,0
image_553.jpg,0
image_554.jpg,0
image_555.jpg,0
image_556.jpg,0
image_557.jpg,0
image_558.jpg,0
image_559.jpg,0
image_560.jpg,0
image_561.jpg,0
image_562.jpg,0
image_563.jpg,0
image_564.jpg,0
image_565.jpg,0
image_566.jpg,0
image_567.jpg,0
image_568.jpg,0
image_569.jpg,0
image_570.jpg,0
image_571.jpg,0
image_572.jpg,0
image_573.jpg,0
image_574.jpg,0
image_575.jpg,0
image_576.jpg,0
image_577.jpg,0
image_578.jpg,0
image_579.jpg,0
image_580.jpg,0
image_581.jpg,0
image_582.jpg,0
image_583.jpg,0
image_584.jpg,0
image_585.jpg,0
image_586.jpg,0
image_587.jpg,0
image_588.jpg,0
image_589.jpg,0
image_590.jpg,0
image_591.jpg,0
image_592.jpg,0
image_593.jpg,0
image_594.jpg,0
image_595.jpg,0
image_596.jpg,0
image_597.jpg,0
image_598.jpg,0
image_599.jpg,0
image_600.jpg,0
image_601.jpg,0
image_602.jpg,0
image_603.jpg,0
image_604.jpg,0
image_605.jpg,0
image_606.jpg,0
image_607.jpg,0
image_608.jpg,0
image_609.jpg,0
image_610.jpg,0
image_611.jpg,0
image_612.jpg,0
image_613.jpg,0
image_614.jpg,0
image_615.jpg,0
image_616.jpg,0
image_617.jpg,0
image_618.jpg,0
image_619.jpg,0
image_620.jpg,0
image_621.jpg,0
image_622.jpg,0
image_623.jpg,0
image_624.jpg,0
image_625.jpg,0
image_626.jpg,0
image_627.jpg,0
image_628.jpg,0
image_629.jpg,0
image_630.jpg,0
image_631.jpg,0
image_632.jpg,0
image_633.jpg,0
image_634.jpg,0
image_635.jpg,0
image_636.jpg,0
image_637.jpg,0
image_638.jpg,0
image_639.jpg,0
image_640.jpg,0
image_641.jpg,0
image_642.jpg,0
image_643.jpg,0
image_644.jpg,0
image_645.jpg,0
image_646.jpg,0
image_647.jpg,0
image_648.jpg,0
image_649.jpg,0
image_650.jpg,0
image_651.jpg,0
image_652.jpg,0
image_653.jpg,0
image_654.jpg,0
image_655.jpg,0
image_656.jpg,0
image_657.jpg,0
image_658.jpg,0
image_659.jpg,0
image_660.jpg,0
image_661.jpg,0
image_662.jpg,0
image_663.jpg,0
image_664.jpg,0
image_665.jpg,0
image_666.jpg,0
image_667.jpg,0
image_668.jpg,0
image_669.jpg,0
image_670.jpg,0
image_671.jpg,0
image_672.jpg,0
image_673.jpg,0
image_674.jpg,0
image_675.jpg,0
image_676.jpg,0
image_677.jpg,0
image_678.jpg,0
image_679.jpg,0
image_680.jpg,0
image_681.jpg,0
image_682.jpg,0
image_683.jpg,0
image_684.jpg,0
image_685.jpg,0
image_686.jpg,0
image_687.jpg,0
image_688.jpg,0
image_689.jpg,0
image_690.jpg,0
image_691.jpg,0
image_692.jpg,0
image_693.jpg,0
image_694.jpg,0
image_695.jpg,0
image_696.jpg,0
image_697.jpg,0
image_698.jpg,0
image_699.jpg,0
image_700.jpg,0
image_701.jpg,0
image_702.jpg,0
image_703.jpg,0
image_704.jpg,0
image_705.jpg,0
image_706.jpg,0
image_707.jpg,0
image_708.jpg,0
image_709.jpg,0
image_710.jpg,0
image_711.jpg,0
image_712.jpg,0
image_713.jpg,0
image_714.jpg,0
image_715.jpg,0
image_716.jpg,0
image_717.jpg,0
image_718.jpg,0
image_719.jpg,0
image_720.jpg,0
image_721.jpg,0
image_722.jpg,0
image_723.jpg,0
image_724.jpg,0
image_725.jpg,0
image_726.jpg,0
image_727.jpg,0
image_728.jpg,0
image_729.jpg,0
image_730.jpg,0
image_731.jpg,0
image_732.jpg,0
image_733.jpg,0
image_734.jpg,0
image_735.jpg,0
image_736.jpg,0
image_737.jpg,0
image_738.jpg,0
image_739.jpg,0
image_740.jpg,0
image_741.jpg,0
image_742.jpg,0
image_743.jpg,0
image_744.jpg,0
image_745.jpg,0
image_746.jpg,0
image_747.jpg,0
image_748.jpg,0
image_749.jpg,0
image_750.jpg,0
image_751.jpg,0
image_752.jpg,0
image_753.jpg,0
image_754.jpg,0
image_755.jpg,0
image_756.jpg,0
image_757.jpg,0
image_758.jpg,0
image_759.jpg,0
image_760.jpg,0
image_761.jpg,0
image_762.jpg,0
image_763.jpg,0
image_764.jpg,0
image_765.jpg,0
image_766.jpg,0
image_767.jpg,0
image_768.jpg,0
image_769.jpg,0
image_770.jpg,0
image_771.jpg,0
image_772.jpg,0
image_773.jpg,0
image_774.jpg,0
image_775.jpg,0
image_776.jpg,0
image_777.jpg,0
image_778.jpg,0
image_779.jpg,0
image_780.jpg,0
image_781.jpg,0
image_782.jpg,0
image_783.jpg,0
image_784.jpg,0
image_785.jpg,0
image_786.jpg,0
image_787.jpg,0
image_788.jpg,0
image_789.jpg,0
image_790.jpg,0
image_791.jpg,0
image_792.jpg,0
image_793.jpg,0
image_794.jpg,0
image_795.jpg,0
image_796.jpg,0
image_797.jpg,0
image_798.jpg,0
image_799.jpg,0
image_800.jpg,0
image_801.jpg,0
image_802.jpg,0
image_803.jpg,0
image_804.jpg,0
image_805.jpg,0
image_806.jpg,0
image_807.jpg,0
image_808.jpg,0
image_809.jpg,0
image_810.jpg,0
image_811.jpg,0
image_812.jpg,0
image_813.jpg,0
image_814.jpg,0
image_815.jpg,0
image_816.jpg,0
image_817.jpg,0
image_818.jpg,0
image_819.jpg,0
image_820.jpg,0
image_821.jpg,0
image_822.jpg,0
image_823.jpg,0
image_824.jpg,0
image_825.jpg,0
image_826.jpg,0
image_827.jpg,0
image_828.jpg,0
image_829.jpg,0
image_830.jpg,0
image_831.jpg,0
image_832.jpg,0
image_833.jpg,0
image_834.jpg,0
image_835.jpg,0
image_836.jpg,0
image_837.jpg,0
image_838.jpg,0
image_839.jpg,0
image_840.jpg,0
image_841.jpg,0
image_842.jpg,0
image_843.jpg,0
image_844.jpg,0
image_845.jpg,0
image_846.jpg,0
image_847.jpg,0
image_848.jpg,0
image_849.jpg,0
image_850.jpg,0
image_851.jpg,0
image_852.jpg,0
image_853.jpg,0
image_854.jpg,0
image_855.jpg,0
image_856.jpg,0
image_857.jpg,0
image_858.jpg,0
image_859.jpg,0
image_860.jpg,0
image_861.jpg,0
image_862.jpg,0
image_863.jpg,0
image_864.jpg,0
image_865.jpg,0
image_866.jpg,0
image_867.jpg,0
image_868.jpg,0
image_869.jpg,0
image_870.jpg,0
image_871.jpg,0
image_872.jpg,0
image_873.jpg,0
image_874.jpg,0
image_875.jpg,0
image_876.jpg,0
image_877.jpg,0
image_878.jpg,0
image_879.jpg,0
image_880.jpg,0
image_881.jpg,0
image_882.jpg,0
image_883.jpg,0
image_884.jpg,0
image_885.jpg,0
image_886.jpg,0
image_887.jpg,0
image_888.jpg,0
image_889.jpg,0
image_890.jpg,0
image_891.jpg,0
image_892.jpg,0
image_893.jpg,0
image_894.jpg,0
image_895.jpg,0
image_896.jpg,0
image_897.jpg,0
image_898.jpg,0
image_899.jpg,0
image_900.jpg,0
image_901.jpg,0
image_902.jpg,0
image_903.jpg,0
image_904.jpg,0
image_905.jpg,0
image_906.jpg,0
image_907.jpg,0
image_908.jpg,0
image_909.jpg,0
image_910.jpg,0
image_911.jpg,0
image_912.jpg,0
image_913.jpg,0
image_914.jpg,0
image_915.jpg,0
image_916.jpg,0
image_917.jpg,0
image_918.jpg,0
image_919.jpg,0
image_920.jpg,0
image_921.jpg,0
image_922.jpg,0
image_923.jpg,0
image_924.jpg,0
image_925.jpg,0
image_926.jpg,0
image_927.jpg,0
image_928.jpg,0
image_929.jpg,0
image_930.jpg,0
image_931.jpg,0
image_932.jpg,0
image_933.jpg,0
image_934.jpg,0
image_935.jpg,0
image_936.jpg,0
image_937.jpg,0
image_938.jpg,0
image_939.jpg,0
image_940.jpg,0
image_941.jpg,0
image_942.jpg,0
image_943.jpg,0
image_944.jpg,0
image_945.jpg,0
image_946.jpg,0
image_947.jpg,0
image_948.jpg,0
image_949.jpg,0
image_950.jpg,0
image_951.jpg,0
image_952.jpg,0
image_953.jpg,0
image_954.jpg,0
image_955.jpg,0
image_956.jpg,0
image_957.jpg,0
image_958.jpg,0
image_959.jpg,0
image_960.jpg,0
image_961.jpg,0
image_962.jpg,0
image_963.jpg,0
image_964.jpg,0
image_965.jpg,0
image_966.jpg,0
image_967.jpg,0
image_968.jpg,0
image_969.jpg,0
image_970.jpg,0
image_971.jpg,0
image_972.jpg,0
image_973.jpg,0
image_974.jpg,0
image_975.jpg,0
image_976.jpg,0
image_977.jpg,0
image_978.jpg,0
image_979.jpg,0
image_980.jpg,0
image_981.jpg,0
image_982.jpg,0
image_983.jpg,0
image_984.jpg,0
image_985.jpg,0
image_986.jpg,0
image_987.jpg,0
image_988.jpg,0
image_989.jpg,0
image_990.jpg,0
image_991.jpg,0
image_992.jpg,0
image_993.jpg,0
image_994.jpg,0
image_995.jpg,0
image_996.jpg,0
image_997.jpg,0
image_998.jpg,0
image_999.jpg,0
image_1000.jpg,0
image_1001.jpg,0
image_1002.jpg,0
image_1003.jpg,0
image_1004.jpg,0
image_1005.jpg,0
image_1006.jpg,0
image_1007.jpg,0
image_1008.jpg,0
image_1009.jpg,0
image_1010.jpg,0
image_1011.jpg,0
image_1012.jpg,0
image_1013.jpg,0
image_1014.jpg,0
image_1015.jpg,0
image_1016.jpg,0
image_1017.jpg,0
image_1018.jpg,0
image_1019.jpg,0
image_1020.jpg,0
image_1021.jpg,0
image_1022.jpg,0
image_1023.jpg,0
image_1024.jpg,0
image_1025.jpg,0
image_1026.jpg,0
image_1027.jpg,0
image_1028.jpg,0
image_1029.jpg,0
image_1030.jpg,0
image_1031.jpg,0
image_1032.jpg,0
image_1033.jpg,0
image_1034.jpg,0
image_1035.jpg,0
image_1036.jpg,0
image_1037.jpg,0
image_1038.jpg,0
image_1039.jpg,0
image_1040.jpg,0
image_1041.jpg,0
image_1042.jpg,0
image_1043.jpg,0
image_1044.jpg,0
image_1045.jpg,0
image_1046.jpg,0
image_1047.jpg,0
image_1048.jpg,0
image_1049.jpg,0
image_1050.jpg,0
image_1051.jpg,0
image_1052.jpg,0
image_1053.jpg,0
image_1054.jpg,0
image_1055.jpg,0
image_1056.jpg,0
image_1057.jpg,0
image_1058.jpg,0
image_1059.jpg,0
image_1060.jpg,0
image_1061.jpg,0
image_1062.jpg,0
image_1063.jpg,0
image_1064.jpg,0
image_1065.jpg,0
image_1066.jpg,0
image_1067.jpg,0
image_1068.jpg,0
image_1069.jpg,0
image_1070.jpg,0
image_1071.jpg,0
image_1072.jpg,0
image_1073.jpg,0
image_1074.jpg,0
image_1075.jpg,0
image_1076.jpg,0
image_1077.jpg,0
image_1078.jpg,0
image_1079.jpg,0
image_1080.jpg,0
image_1081.jpg,0
image_1082.jpg,0
image_1083.jpg,0
image_1084.jpg,0
image_1085.jpg,0
image_1086.jpg,0
image_1087.jpg,0
image_1088.jpg,0
image_1089.jpg,0
image_1090.jpg,0
image_1091.jpg,0
image_1092.jpg,0
image_1093.jpg,0
image_1094.jpg,0
image_1095.jpg,0
image_1096.jpg,0
image_1097.jpg,0
image_1098.jpg,0
image_1099.jpg,0
image_1100.jpg,0
image_1101.jpg,0
image_1102.jpg,0
image_1103.jpg,0
image_1104.jpg,0
image_1105.jpg,0
image_1106.jpg,0
image_1107.jpg,0
image_1108.jpg,0
image_1109.jpg,0
image_1110.jpg,0
image_1111.jpg,0
image_1112.jpg,0
image_1113.jpg,0
image_1114.jpg,0
image_1115.jpg,0
image_1116.jpg,0
image_1117.jpg,0
image_1118.jpg,0
image_1119.jpg,0
image_1120.jpg,0
image_1121.jpg,0
image_1122.jpg,0
image_1123.jpg,0
image_1124.jpg,0
image_1125.jpg,0
image_1126.jpg,0
image_1127.jpg,0
image_1128.jpg,0
image_1129.jpg,0
image_1130.jpg,0
image_1131.jpg,0
image_1132.jpg,0
image_1133.jpg,0
image_1134.jpg,0
image_1135.jpg,0
image_1136.jpg,0
image_1137.jpg,0
image_1138.jpg,0
image_1139.jpg,0
image_1140.jpg,0
image_1141.jpg,0
image_1142.jpg,0
image_1143.jpg,0
image_1144.jpg,0
image_1145.jpg,0
image_1146.jpg,0
image_1147.jpg,0
image_1148.jpg,0
image_1149.jpg,0
image_1150.jpg,0
image_1151.jpg,0
image_1152.jpg,0
image_1153.jpg,0
image_1154.jpg,0
image_1155.jpg,0
image_1156.jpg,0
image_1157.jpg,0
image_1158.jpg,0
image_1159.jpg,0
image_1160.jpg,0
image_1161.jpg,0
image_1162.jpg,0
image_1163.jpg,0
image_1164.jpg,0
image_1165.jpg,0
image_1166.jpg,0
image_1167.jpg,0
image_1168.jpg,0
image_1169.jpg,0
image_1170.jpg,0
image_1171.jpg,0
image_1172.jpg,0
image_1173.jpg,0
image_1174.jpg,0
image_1175.jpg,0
image_1176.jpg,0
image_1177.jpg,0
image_1178.jpg,0
image_1179.jpg,0
image_1180.jpg,0
image_1181.jpg,0
image_1182.jpg,0
image_1183.jpg,0
image_1184.jpg,0
image_1185.jpg,0
image_1186.jpg,0
image_1187.jpg,0
image_1188.jpg,0
image_1189.jpg,0
image_1190.jpg,0
image_1191.jpg,0
image_1192.jpg,0
image_1193.jpg,0
image_1194.jpg,0
image_1195.jpg,0
image_1196.jpg,0
image_1197.jpg,0
image_1198.jpg,0
image_1199.jpg,0
image_1200.jpg,0
image_1201.jpg,0
image_1202.jpg,0
image_1203.jpg,0
image_1204.jpg,0
image_1205.jpg,0
image_1206.jpg,0
image_1207.jpg,0
image_1208.jpg,0
image_1209.jpg,0
image_1210.jpg,0
image_1211.jpg,0
image_1212.jpg,0
image_1213.jpg,0
image_1214.jpg,0
image_1215.jpg,0
image_1216.jpg,0
image_1217.jpg,0
image_1218.jpg,0
image_1219.jpg,0
image_1220.jpg,0
image_1221.jpg,0
image_1222.jpg,0
image_1223.jpg,0
image_1224.jpg,0
image_1225.jpg,0
image_1226.jpg,0
image_1227.jpg,0
image_1228.jpg,0
image_1229.jpg,0
image_1230.jpg,0
image_1231.jpg,0
image_1232.jpg,0
image_1233.jpg,0
image_1234.jpg,0
image_1235.jpg,0
image_1236.jpg,0
image_1237.jpg,0
image_1238.jpg,0
image_1239.jpg,0
image_1240.jpg,0
image_1241.jpg,0
image_1242.jpg,0
image_1243.jpg,0
image_1244.jpg,0
image_1245.jpg,0
image_1246.jpg,0
image_1247.jpg,0
image_1248.jpg,0
image_1249.jpg,0
image_1250.jpg,0
image_1251.jpg,0
image_1252.jpg,0
image_1253.jpg,0
image_1254.jpg,0
image_1255.jpg,0
image_1256.jpg,0
image_1257.jpg,0
image_1258.jpg,0
image_1259.jpg,0
image_1260.jpg,0
image_1261.jpg,0
image_1262.jpg,0
image_1263.jpg,0
image_1264.jpg,0
image_1265.jpg,0
image_1266.jpg,0
image_1267.jpg,0
image_1268.jpg,0
image_1269.jpg,0
image_1270.jpg,0
image_1271.jpg,0
image_1272.jpg,0
image_1273.jpg,0
image_1274.jpg,0
image_1275.jpg,0
image_1276.jpg,0
image_1277.jpg,0
image_1278.jpg,0
image_1279.jpg,0
image_1280.jpg,0
image_1281.jpg,0
image_1282.jpg,0
image_1283.jpg,0
image_1284.jpg,0
image_1285.jpg,0
image_1286.jpg,0
image_1287.jpg,0
image_1288.jpg,0
image_1289.jpg,0
image_1290.jpg,0
image_1291.jpg,0
image_1292.jpg,0
image_1293.jpg,0
image_1294.jpg,0
image_1295.jpg,0
image_1296.jpg,0
image_1297.jpg,0
image_1298.jpg,0
image_1299.jpg,0
image_1300.jpg,0
image_1301.jpg,0
image_1302.jpg,0
image_1303.jpg,0
image_1304.jpg,0
image_1305.jpg,0
image_1306.jpg,0
image_1307.jpg,0
image_1308.jpg,0
image_1309.jpg,0
image_1310.jpg,0
image_1311.jpg,0
image_1312.jpg,0
image_1313.jpg,0
image_1314.jpg,0
image_1315.jpg,0
image_1316.jpg,0
image_1317.jpg,0
image_1318.jpg,0
image_1319.jpg,0
image_1320.jpg,0
image_1321.jpg,0
image_1322.jpg,0
image_1323.jpg,0
image_1324.jpg,0
image_1325.jpg,0
image_1326.jpg,0
image_1327.jpg,0
image_1328.jpg,0
image_1329.jpg,0
image_1330.jpg,0
image_1331.jpg,0
image_1332.jpg,0
image_1333.jpg,0
image_1334.jpg,0
image_1335.jpg,0
image_1336.jpg,0
image_1337.jpg,0
image_1338.jpg,0
image_1339.jpg,0
image_1340.jpg,0
image_1341.jpg,1
image_1342.jpg,1
image_1343.jpg,1
image_1344.jpg,1
image_1345.jpg,1
image_1346.jpg,1
image_1347.jpg,1
image_1348.jpg,1
image_1349.jpg,1
image_1350.jpg,1
image_1351.jpg,1
image_1352.jpg,1
image_1353.jpg,1
image_1354.jpg,1
image_1355.jpg,1
image_1356.jpg,1
image_1357.jpg,1
image_1358.jpg,1
image_1359.jpg,1
image_1360.jpg,1
image_1361.jpg,1
image_1362.jpg,1
image_1363.jpg,1
image_1364.jpg,1
image_1365.jpg,1
image_1366.jpg,1
image_1367.jpg,1
image_1368.jpg,1
image_1369.jpg,1
image_1370.jpg,1
image_1371.jpg,1
image_1372.jpg,1
image_1373.jpg,1
image_1374.jpg,1
image_1375.jpg,1
image_1376.jpg,1
image_1377.jpg,1
image_1378.jpg,1
image_1379.jpg,1
image_1380.jpg,1
image_1381.jpg,1
image_1382.jpg,1
image_1383.jpg,1
image_1384.jpg,1
image_1385.jpg,1
image_1386.jpg,1
image_1387.jpg,1
image_1388.jpg,1
image_1389.jpg,1
image_1390.jpg,1
image_1391.jpg,1
image_1392.jpg,1
image_1393.jpg,1
image_1394.jpg,1
image_1395.jpg,1
image_1396.jpg,1
image_1397.jpg,1
image_1398.jpg,1
image_1399.jpg,1
image_1400.jpg,1
image_1401.jpg,1
image_1402.jpg,1
image_1403.jpg,1
image_1404.jpg,1
image_1405.jpg,1
image_1406.jpg,1
image_1407.jpg,1
image_1408.jpg,1
image_1409.jpg,1
image_1410.jpg,1
image_1411.jpg,1
image_1412.jpg,1
image_1413.jpg,1
image_1414.jpg,1
image_1415.jpg,1
image_1416.jpg,1
image_1417.jpg,1
image_1418.jpg,1
image_1419.jpg,1
image_1420.jpg,1
image_1421.jpg,1
image_1422.jpg,1
image_1423.jpg,1
image_1424.jpg,1
image_1425.jpg,1
image_1426.jpg,1
image_1427.jpg,1
image_1428.jpg,1
image_1429.jpg,1
image_1430.jpg,1
image_1431.jpg,1
image_1432.jpg,1
image_1433.jpg,1
image_1434.jpg,1
image_1435.jpg,1
image_1436.jpg,1
image_1437.jpg,1
image_1438.jpg,1
image_1439.jpg,1
image_1440.jpg,1
image_1441.jpg,1
image_1442.jpg,1
image_1443.jpg,1
image_1444.jpg,1
image_1445.jpg,1
image_1446.jpg,1
image_1447.jpg,1
image_1448.jpg,1
image_1449.jpg,1
image_1450.jpg,1
image_1451.jpg,1
image_1452.jpg,1
image_1453.jpg,1
image_1454.jpg,1
image_1455.jpg,1
image_1456.jpg,1
image_1457.jpg,1
image_1458.jpg,1
image_1459.jpg,1
image_1460.jpg,1
image_1461.jpg,1
image_1462.jpg,1
image_1463.jpg,1
image_1464.jpg,1
image_1465.jpg,1
image_1466.jpg,1
image_1467.jpg,1
image_1468.jpg,1
image_1469.jpg,1
image_1470.jpg,1
image_1471.jpg,1
image_1472.jpg,1
image_1473.jpg,1
image_1474.jpg,1
image_1475.jpg,1
image_1476.jpg,1
image_1477.jpg,1
image_1478.jpg,1
image_1479.jpg,1
image_1480.jpg,1
image_1481.jpg,1
image_1482.jpg,1
image_1483.jpg,1
image_1484.jpg,1
image_1485.jpg,1
image_1486.jpg,1
image_1487.jpg,1
image_1488.jpg,1
image_1489.jpg,1
image_1490.jpg,1
image_1491.jpg,1
image_1492.jpg,1
image_1493.jpg,1
image_1494.jpg,1
image_1495.jpg,1
image_1496.jpg,1
image_1497.jpg,1
image_1498.jpg,1
image_1499.jpg,1
image_1500.jpg,1
image_1501.jpg,1
image_1502.jpg,1
image_1503.jpg,1
image_1504.jpg,1
image_1505.jpg,1
image_1506.jpg,1
image_1507.jpg,1
image_1508.jpg,1
image_1509.jpg,1
image_1510.jpg,1
image_1511.jpg,1
image_1512.jpg,1
image_1513.jpg,1
image_1514.jpg,1
image_1515.jpg,1
image_1516.jpg,1
image_1517.jpg,1
image_1518.jpg,1
image_1519.jpg,1
image_1520.jpg,1
image_1521.jpg,1
image_1522.jpg,1
image_1523.jpg,1
image_1524.jpg,1
image_1525.jpg,1
image_1526.jpg,1
image_1527.jpg,1
image_1528.jpg,1
image_1529.jpg,1
image_1530.jpg,1
image_1531.jpg,1
image_1532.jpg,1
image_1533.jpg,1
image_1534.jpg,1
image_1535.jpg,1
image_1536.jpg,1
image_1537.jpg,1
image_1538.jpg,1
image_1539.jpg,1
image_1540.jpg,1
image_1541.jpg,1
image_1542.jpg,1
image_1543.jpg,1
image_1544.jpg,1
image_1545.jpg,1
image_1546.jpg,1
image_1547.jpg,1
image_1548.jpg,1
image_1549.jpg,1
image_1550.jpg,1
image_1551.jpg,1
image_1552.jpg,1
image_1553.jpg,1
image_1554.jpg,1
image_1555.jpg,1
image_1556.jpg,1
image_1557.jpg,1
image_1558.jpg,1
image_1559.jpg,1
image_1560.jpg,1
image_1561.jpg,1
image_1562.jpg,1
image_1563.jpg,1
image_1564.jpg,1
image_1565.jpg,1
image_1566.jpg,1
image_1567.jpg,1
image_1568.jpg,1
image_1569.jpg,1
image_1570.jpg,1
image_1571.jpg,1
image_1572.jpg,1
image_1573.jpg,1
image_1574.jpg,1
image_1575.jpg,1
image_1576.jpg,1
image_1577.jpg,1
image_1578.jpg,1
image_1579.jpg,1
image_1580.jpg,1
image_1581.jpg,1
image_1582.jpg,1
image_1583.jpg,1
image_1584.jpg,1
image_1585.jpg,1
image_1586.jpg,1
image_1587.jpg,1
image_1588.jpg,1
image_1589.jpg,1
image_1590.jpg,1
image_1591.jpg,1
image_1592.jpg,1
image_1593.jpg,1
image_1594.jpg,1
image_1595.jpg,1
image_1596.jpg,1
image_1597.jpg,1
image_1598.jpg,1
image_1599.jpg,1
image_1600.jpg,1
image_1601.jpg,1
image_1602.jpg,1
image_1603.jpg,1
image_1604.jpg,1
image_1605.jpg,1
image_1606.jpg,1
image_1607.jpg,1
image_1608.jpg,1
image_1609.jpg,1
image_1610.jpg,1
image_1611.jpg,1
image_1612.jpg,1
image_1613.jpg,1
image_1614.jpg,1
image_1615.jpg,1
image_1616.jpg,1
image_1617.jpg,1
image_1618.jpg,1
image_1619.jpg,1
image_1620.jpg,1
image_1621.jpg,1
image_1622.jpg,1
image_1623.jpg,1
image_1624.jpg,1
image_1625.jpg,1
image_1626.jpg,1
image_1627.jpg,1
image_1628.jpg,1
image_1629.jpg,1
image_1630.jpg,1
image_1631.jpg,1
image_1632.jpg,1
image_1633.jpg,1
image_1634.jpg,1
image_1635.jpg,1
image_1636.jpg,1
image_1637.jpg,1
image_1638.jpg,1
image_1639.jpg,1
image_1640.jpg,1
image_1641.jpg,1
image_1642.jpg,1
image_1643.jpg,1
image_1644.jpg,1
image_1645.jpg,1
image_1646.jpg,1
image_1647.jpg,1
image_1648.jpg,1
image_1649.jpg,1
image_1650.jpg,1
image_1651.jpg,1
image_1652.jpg,1
image_1653.jpg,1
image_1654.jpg,1
image_1655.jpg,1
image_1656.jpg,1
image_1657.jpg,1
image_1658.jpg,1
image_1659.jpg,1
image_1660.jpg,1
image_1661.jpg,1
image_1662.jpg,1
image_1663.jpg,1
image_1664.jpg,1
image_1665.jpg,1
image_1666.jpg,1
image_1667.jpg,1
image_1668.jpg,1
image_1669.jpg,1
image_1670.jpg,1
image_1671.jpg,1
image_1672.jpg,1
image_1673.jpg,1
image_1674.jpg,1
image_1675.jpg,1
image_1676.jpg,1
image_1677.jpg,1
image_1678.jpg,1
image_1679.jpg,1
image_1680.jpg,1
image_1681.jpg,1
image_1682.jpg,1
image_1683.jpg,1
image_1684.jpg,1
image_1685.jpg,1
image_1686.jpg,1
image_1687.jpg,1
image_1688.jpg,1
image_1689.jpg,1
image_1690.jpg,1
image_1691.jpg,1
image_1692.jpg,1
image_1693.jpg,1
image_1694.jpg,1
image_1695.jpg,1
image_1696.jpg,1
image_1697.jpg,1
image_1698.jpg,1
image_1699.jpg,1
image_1700.jpg,1
image_1701.jpg,1
image_1702.jpg,1
image_1703.jpg,1
image_1704.jpg,1
image_1705.jpg,1
image_1706.jpg,1
image_1707.jpg,1
image_1708.jpg,1
image_1709.jpg,1
image_1710.jpg,1
image_1711.jpg,1
image_1712.jpg,1
image_1713.jpg,1
image_1714.jpg,1
image_1715.jpg,1
image_1716.jpg,1
image_1717.jpg,1
image_1718.jpg,1
image_1719.jpg,1
image_1720.jpg,1
image_1721.jpg,1
image_1722.jpg,1
image_1723.jpg,1
image_1724.jpg,1
image_1725.jpg,1
image_1726.jpg,1
image_1727.jpg,1
image_1728.jpg,1
image_1729.jpg,1
image_1730.jpg,1
image_1731.jpg,1
image_1732.jpg,1
image_1733.jpg,1
image_1734.jpg,1
image_1735.jpg,1
image_1736.jpg,1
image_1737.jpg,1
image_1738.jpg,1
image_1739.jpg,1
image_1740.jpg,1
image_1741.jpg,1
image_1742.jpg,1
image_1743.jpg,1
image_1744.jpg,1
image_1745.jpg,1
image_1746.jpg,1
image_1747.jpg,1
image_1748.jpg,1
image_1749.jpg,1
image_1750.jpg,1
image_1751.jpg,1
image_1752.jpg,1
image_1753.jpg,1
image_1754.jpg,1
image_1755.jpg,1
image_1756.jpg,1
image_1757.jpg,1
image_1758.jpg,1
image_1759.jpg,1
image_1760.jpg,1
image_1761.jpg,1
image_1762.jpg,1
image_1763.jpg,1
image_1764.jpg,1
image_1765.jpg,1
image_1766.jpg,1
image_1767.jpg,1
image_1768.jpg,1
image_1769.jpg,1
image_1770.jpg,1
image_1771.jpg,1
image_1772.jpg,1
image_1773.jpg,1
image_1774.jpg,1
image_1775.jpg,1
image_1776.jpg,1
image_1777.jpg,1
image_1778.jpg,1
image_1779.jpg,1
image_1780.jpg,1
image_1781.jpg,1
image_1782.jpg,1
image_1783.jpg,1
image_1784.jpg,1
image_1785.jpg,1
image_1786.jpg,1
image_1787.jpg,1
image_1788.jpg,1
image_1789.jpg,1
image_1790.jpg,1
image_1791.jpg,1
image_1792.jpg,1
image_1793.jpg,1
image_1794.jpg,1
image_1795.jpg,1
image_1796.jpg,1
image_1797.jpg,1
image_1798.jpg,1
image_1799.jpg,1
image_1800.jpg,1
image_1801.jpg,1
image_1802.jpg,1
image_1803.jpg,1
image_1804.jpg,1
image_1805.jpg,1
image_1806.jpg,1
image_1807.jpg,1
image_1808.jpg,1
image_1809.jpg,1
image_1810.jpg,1
image_1811.jpg,1
image_1812.jpg,1
image_1813.jpg,1
image_1814.jpg,1
image_1815.jpg,1
image_1816.jpg,1
image_1817.jpg,1
image_1818.jpg,1
image_1819.jpg,1
image_1820.jpg,1
image_1821.jpg,1
image_1822.jpg,1
image_1823.jpg,1
image_1824.jpg,1
image_1825.jpg,1
image_1826.jpg,1
image_1827.jpg,1
image_1828.jpg,1
image_1829.jpg,1
image_1830.jpg,1
image_1831.jpg,1
image_1832.jpg,1
image_1833.jpg,1
image_1834.jpg,1
image_1835.jpg,1
image_1836.jpg,1
image_1837.jpg,1
image_1838.jpg,1
image_1839.jpg,1
image_1840.jpg,1
image_1841.jpg,1
image_1842.jpg,1
image_1843.jpg,1
image_1844.jpg,1
image_1845.jpg,1
image_1846.jpg,1
image_1847.jpg,1
image_1848.jpg,1
image_1849.jpg,1
image_1850.jpg,1
image_1851.jpg,1
image_1852.jpg,1
image_1853.jpg,1
image_1854.jpg,1
image_1855.jpg,1
image_1856.jpg,1
image_1857.jpg,1
image_1858.jpg,1
image_1859.jpg,1
image_1860.jpg,1
image_1861.jpg,1
image_1862.jpg,1
image_1863.jpg,1
image_1864.jpg,1
image_1865.jpg,1
image_1866.jpg,1
image_1867.jpg,1
image_1868.jpg,1
image_1869.jpg,1
image_1870.jpg,1
image_1871.jpg,1
image_1872.jpg,1
image_1873.jpg,1
image_1874.jpg,1
image_1875.jpg,1
image_1876.jpg,1
image_1877.jpg,1
image_1878.jpg,1
image_1879.jpg,1
image_1880.jpg,1
image_1881.jpg,1
image_1882.jpg,1
image_1883.jpg,1
image_1884.jpg,1
image_1885.jpg,1
image_1886.jpg,1
image_1887.jpg,1
image_1888.jpg,1
image_1889.jpg,1
image_1890.jpg,1
image_1891.jpg,1
image_1892.jpg,1
image_1893.jpg,1
image_1894.jpg,1
image_1895.jpg,1
image_1896.jpg,1
image_1897.jpg,1
image_1898.jpg,1
image_1899.jpg,1
image_1900.jpg,1
image_1901.jpg,1
image_1902.jpg,1
image_1903.jpg,1
image_1904.jpg,1
image_1905.jpg,1
image_1906.jpg,1
image_1907.jpg,1
image_1908.jpg,1
image_1909.jpg,1
image_1910.jpg,1
image_1911.jpg,1
image_1912.jpg,1
image_1913.jpg,1
image_1914.jpg,1
image_1915.jpg,1
image_1916.jpg,1
image_1917.jpg,1
image_1918.jpg,1
image_1919.jpg,1
image_1920.jpg,1
image_1921.jpg,1
image_1922.jpg,1
image_1923.jpg,1
image_1924.jpg,1
image_1925.jpg,1
image_1926.jpg,1
image_1927.jpg,1
image_1928.jpg,1
image_1929.jpg,1
image_1930.jpg,1
image_1931.jpg,1
image_1932.jpg,1
image_1933.jpg,1
image_1934.jpg,1
image_1935.jpg,1
image_1936.jpg,1
image_1937.jpg,1
image_1938.jpg,1
image_1939.jpg,1
image_1940.jpg,1
image_1941.jpg,1
image_1942.jpg,1
image_1943.jpg,1
image_1944.jpg,1
image_1945.jpg,1
image_1946.jpg,1
image_1947.jpg,1
image_1948.jpg,1
image_1949.jpg,1
image_1950.jpg,1
image_1951.jpg,1
image_1952.jpg,1
image_1953.jpg,1
image_1954.jpg,1
image_1955.jpg,1
image_1956.jpg,1
image_1957.jpg,1
image_1958.jpg,1
image_1959.jpg,1
image_1960.jpg,1
image_1961.jpg,1
image_1962.jpg,1
image_1963.jpg,1
image_1964.jpg,1
image_1965.jpg,1
image_1966.jpg,1
image_1967.jpg,1
image_1968.jpg,1
image_1969.jpg,1
image_1970.jpg,1
image_1971.jpg,1
image_1972.jpg,1
image_1973.jpg,1
image_1974.jpg,1
image_1975.jpg,1
image_1976.jpg,1
image_1977.jpg,1
image_1978.jpg,1
image_1979.jpg,1
image_1980.jpg,1
image_1981.jpg,1
image_1982.jpg,1
image_1983.jpg,1
image_1984.jpg,1
image_1985.jpg,1
image_1986.jpg,1
image_1987.jpg,1
image_1988.jpg,1
image_1989.jpg,1
image_1990.jpg,1
image_1991.jpg,1
image_1992.jpg,1
image_1993.jpg,1
image_1994.jpg,1
image_1995.jpg,1
image_1996.jpg,1
image_1997.jpg,1
image_1998.jpg,1
image_1999.jpg,1
image_2000.jpg,1
image_2001.jpg,1
image_2002.jpg,1
image_2003.jpg,1
image_2004.jpg,1
image_2005.jpg,1
image_2006.jpg,1
image_2007.jpg,1
image_2008.jpg,1
image_2009.jpg,1
image_2010.jpg,1
image_2011.jpg,1
image_2012.jpg,1
image_2013.jpg,1
image_2014.jpg,1
image_2015.jpg,1
image_2016.jpg,1
image_2017.jpg,1
image_2018.jpg,1
image_2019.jpg,1
image_2020.jpg,1
image_2021.jpg,1
image_2022.jpg,1
image_2023.jpg,1
image_2024.jpg,1
image_2025.jpg,1
image_2026.jpg,1
image_2027.jpg,1
image_2028.jpg,1
image_2029.jpg,1
image_2030.jpg,1
image_2031.jpg,1
image_2032.jpg,1
image_2033.jpg,1
image_2034.jpg,1
image_2035.jpg,1
image_2036.jpg,1
image_2037.jpg,1
image_2038.jpg,1
image_2039.jpg,1
image_2040.jpg,1
image_2041.jpg,1
image_2042.jpg,1
image_2043.jpg,1
image_2044.jpg,1
image_2045.jpg,1
image_2046.jpg,1
image_2047.jpg,1
image_2048.jpg,1
image_2049.jpg,1
image_2050.jpg,1
image_2051.jpg,1
image_2052.jpg,1
image_2053.jpg,1
image_2054.jpg,1
image_2055.jpg,1
image_2056.jpg,1
image_2057.jpg,1
image_2058.jpg,1
image_2059.jpg,1
image_2060.jpg,1
image_2061.jpg,1
image_2062.jpg,1
image_2063.jpg,1
image_2064.jpg,1
image_2065.jpg,1
image_2066.jpg,1
image_2067.jpg,1
image_2068.jpg,1
image_2069.jpg,1
image_2070.jpg,1
image_2071.jpg,1
image_2072.jpg,1
image_2073.jpg,1
image_2074.jpg,1
image_2075.jpg,1
image_2076.jpg,1
image_2077.jpg,1
image_2078.jpg,1
image_2079.jpg,1
image_2080.jpg,1
image_2081.jpg,1
image_2082.jpg,1
image_2083.jpg,1
image_2084.jpg,1
image_2085.jpg,1
image_2086.jpg,1
image_2087.jpg,1
image_2088.jpg,1
image_2089.jpg,1
image_2090.jpg,1
image_2091.jpg,1
image_2092.jpg,1
image_2093.jpg,1
image_2094.jpg,1
image_2095.jpg,1
image_2096.jpg,1
image_2097.jpg,1
image_2098.jpg,1
image_2099.jpg,1
image_2100.jpg,1
image_2101.jpg,1
image_2102.jpg,1
image_2103.jpg,1
image_2104.jpg,1
image_2105.jpg,1
image_2106.jpg,1
image_2107.jpg,1
image_2108.jpg,1
image_2109.jpg,1
image_2110.jpg,1
image_2111.jpg,1
image_2112.jpg,1
image_2113.jpg,1
image_2114.jpg,1
image_2115.jpg,1
image_2116.jpg,1
image_2117.jpg,1
image_2118.jpg,1
image_2119.jpg,1
image_2120.jpg,1
image_2121.jpg,1
image_2122.jpg,1
image_2123.jpg,1
image_2124.jpg,1
image_2125.jpg,1
image_2126.jpg,1
image_2127.jpg,1
image_2128.jpg,1
image_2129.jpg,1
image_2130.jpg,1
image_2131.jpg,1
image_2132.jpg,1
image_2133.jpg,1
image_2134.jpg,1
image_2135.jpg,1
image_2136.jpg,1
image_2137.jpg,1
image_2138.jpg,1
image_2139.jpg,1
image_2140.jpg,1
image_2141.jpg,1
image_2142.jpg,1
image_2143.jpg,1
image_2144.jpg,1
image_2145.jpg,1
image_2146.jpg,1
image_2147.jpg,1
image_2148.jpg,1
image_2149.jpg,1
image_2150.jpg,1
image_2151.jpg,1
image_2152.jpg,1
image_2153.jpg,1
image_2154.jpg,1
image_2155.jpg,1
image_2156.jpg,1
image_2157.jpg,1
image_2158.jpg,1
image_2159.jpg,1
image_2160.jpg,1
image_2161.jpg,1
image_2162.jpg,1
image_2163.jpg,1
image_2164.jpg,1
image_2165.jpg,1
image_2166.jpg,1
image_2167.jpg,1
image_2168.jpg,1
image_2169.jpg,1
image_2170.jpg,1
image_2171.jpg,1
image_2172.jpg,1
image_2173.jpg,1
image_2174.jpg,1
image_2175.jpg,1
image_2176.jpg,1
image_2177.jpg,1
image_2178.jpg,1
image_2179.jpg,1
image_2180.jpg,1
image_2181.jpg,1
image_2182.jpg,1
image_2183.jpg,1
image_2184.jpg,1
image_2185.jpg,1
image_2186.jpg,1
image_2187.jpg,1
image_2188.jpg,1
image_2189.jpg,1
image_2190.jpg,1
image_2191.jpg,1
image_2192.jpg,1
image_2193.jpg,1
image_2194.jpg,1
image_2195.jpg,1
image_2196.jpg,1
image_2197.jpg,1
image_2198.jpg,1
image_2199.jpg,1
image_2200.jpg,1
image_2201.jpg,1
image_2202.jpg,1
image_2203.jpg,1
image_2204.jpg,1
image_2205.jpg,1
image_2206.jpg,1
image_2207.jpg,1
image_2208.jpg,1
image_2209.jpg,1
image_2210.jpg,1
image_2211.jpg,1
image_2212.jpg,1
image_2213.jpg,1
image_2214.jpg,1
image_2215.jpg,1
image_2216.jpg,1
image_2217.jpg,1
image_2218.jpg,1
image_2219.jpg,1
image_2220.jpg,1
image_2221.jpg,1
image_2222.jpg,1
image_2223.jpg,1
image_2224.jpg,1
image_2225.jpg,1
image_2226.jpg,1
image_2227.jpg,1
image_2228.jpg,1
image_2229.jpg,1
image_2230.jpg,1
image_2231.jpg,1
image_2232.jpg,1
image_2233.jpg,1
image_2234.jpg,1
image_2235.jpg,1
image_2236.jpg,1
image_2237.jpg,1
image_2238.jpg,1
image_2239.jpg,1
image_2240.jpg,1
image_2241.jpg,1
image_2242.jpg,1
image_2243.jpg,1
image_2244.jpg,1
image_2245.jpg,1
image_2246.jpg,1
image_2247.jpg,1
image_2248.jpg,1
image_2249.jpg,1
image_2250.jpg,1
image_2251.jpg,1
image_2252.jpg,1
image_2253.jpg,1
image_2254.jpg,1
image_2255.jpg,1
image_2256.jpg,1
image_2257.jpg,1
image_2258.jpg,1
image_2259.jpg,1
image_2260.jpg,1
image_2261.jpg,1
image_2262.jpg,1
image_2263.jpg,1
image_2264.jpg,1
image_2265.jpg,1
image_2266.jpg,1
image_2267.jpg,1
image_2268.jpg,1
image_2269.jpg,1
image_2270.jpg,1
image_2271.jpg,1
image_2272.jpg,1
image_2273.jpg,1
image_2274.jpg,1
image_2275.jpg,1
image_2276.jpg,1
image_2277.jpg,1
image_2278.jpg,1
image_2279.jpg,1
image_2280.jpg,1
image_2281.jpg,1
image_2282.jpg,1
image_2283.jpg,1
image_2284.jpg,1
image_2285.jpg,1
image_2286.jpg,1
image_2287.jpg,1
image_2288.jpg,1
image_2289.jpg,1
image_2290.jpg,1
image_2291.jpg,1
image_2292.jpg,1
image_2293.jpg,1
image_2294.jpg,1
image_2295.jpg,1
image_2296.jpg,1
image_2297.jpg,1
image_2298.jpg,1
image_2299.jpg,1
image_2300.jpg,1
image_2301.jpg,1
image_2302.jpg,1
image_2303.jpg,1
image_2304.jpg,1
image_2305.jpg,1
image_2306.jpg,1
image_2307.jpg,1
image_2308.jpg,1
image_2309.jpg,1
image_2310.jpg,1
image_2311.jpg,1
image_2312.jpg,1
image_2313.jpg,1
image_2314.jpg,1
image_2315.jpg,1
image_2316.jpg,1
image_2317.jpg,1
image_2318.jpg,1
image_2319.jpg,1
image_2320.jpg,1
image_2321.jpg,1
image_2322.jpg,1
image_2323.jpg,1
image_2324.jpg,1
image_2325.jpg,1
image_2326.jpg,1
image_2327.jpg,1
image_2328.jpg,1
image_2329.jpg,1
image_2330.jpg,1
image_2331.jpg,1
image_2332.jpg,1
image_2333.jpg,1
image_2334.jpg,1
image_2335.jpg,1
image_2336.jpg,1
image_2337.jpg,1
image_2338.jpg,1
image_2339.jpg,1
image_2340.jpg,1
image_2341.jpg,1
image_2342.jpg,1
image_2343.jpg,1
image_2344.jpg,1
image_2345.jpg,1
image_2346.jpg,1
image_2347.jpg,1
image_2348.jpg,1
image_2349.jpg,1
image_2350.jpg,1
image_2351.jpg,1
image_2352.jpg,1
image_2353.jpg,1
image_2354.jpg,1
image_2355.jpg,1
image_2356.jpg,1
image_2357.jpg,1
image_2358.jpg,1
image_2359.jpg,1
image_2360.jpg,1
image_2361.jpg,1
image_2362.jpg,1
image_2363.jpg,1
image_2364.jpg,1
image_2365.jpg,1
image_2366.jpg,1
image_2367.jpg,1
image_2368.jpg,1
image_2369.jpg,1
image_2370.jpg,1
image_2371.jpg,1
image_2372.jpg,1
image_2373.jpg,1
image_2374.jpg,1
image_2375.jpg,1
image_2376.jpg,1
image_2377.jpg,1
image_2378.jpg,1
image_2379.jpg,1
image_2380.jpg,1
image_2381.jpg,1
image_2382.jpg,1
image_2383.jpg,1
image_2384.jpg,1
image_2385.jpg,1
image_2386.jpg,1
image_2387.jpg,1
image_2388.jpg,1
image_2389.jpg,1
image_2390.jpg,1
image_2391.jpg,1
image_2392.jpg,1
image_2393.jpg,1
image_2394.jpg,1
image_2395.jpg,1
image_2396.jpg,1
image_2397.jpg,1
image_2398.jpg,1
image_2399.jpg,1
image_2400.jpg,1
image_2401.jpg,1
image_2402.jpg,1
image_2403.jpg,1
image_2404.jpg,1
image_2405.jpg,1
image_2406.jpg,1
image_2407.jpg,1
image_2408.jpg,1
image_2409.jpg,1
image_2410.jpg,1
image_2411.jpg,1
image_2412.jpg,1
image_2413.jpg,1
image_2414.jpg,1
image_2415.jpg,1
image_2416.jpg,1
image_2417.jpg,1
image_2418.jpg,1
image_2419.jpg,1
image_2420.jpg,1
image_2421.jpg,1
image_2422.jpg,1
image_2423.jpg,1
image_2424.jpg,1
image_2425.jpg,1
image_2426.jpg,1
image_2427.jpg,1
image_2428.jpg,1
image_2429.jpg,1
image_2430.jpg,1
image_2431.jpg,1
image_2432.jpg,1
image_2433.jpg,1
image_2434.jpg,1
image_2435.jpg,1
image_2436.jpg,1
image_2437.jpg,1
image_2438.jpg,1
image_2439.jpg,1
image_2440.jpg,1
image_2441.jpg,1
image_2442.jpg,1
image_2443.jpg,1
image_2444.jpg,1
image_2445.jpg,1
image_2446.jpg,1
image_2447.jpg,1
image_2448.jpg,1
image_2449.jpg,1
image_2450.jpg,1
image_2451.jpg,1
image_2452.jpg,1
image_2453.jpg,1
image_2454.jpg,1
image_2455.jpg,1
image_2456.jpg,1
image_2457.jpg,1
image_2458.jpg,1
image_2459.jpg,1
image_2460.jpg,1
image_2461.jpg,1
image_2462.jpg,1
image_2463.jpg,1
image_2464.jpg,1
image_2465.jpg,1
image_2466.jpg,1
image_2467.jpg,1
image_2468.jpg,1
image_2469.jpg,1
image_2470.jpg,1
image_2471.jpg,1
image_2472.jpg,1
image_2473.jpg,1
image_2474.jpg,1
image_2475.jpg,1
image_2476.jpg,1
image_2477.jpg,1
image_2478.jpg,1
image_2479.jpg,1
image_2480.jpg,1
image_2481.jpg,1
image_2482.jpg,1
image_2483.jpg,1
image_2484.jpg,1
image_2485.jpg,1
image_2486.jpg,1
image_2487.jpg,1
image_2488.jpg,1
image_2489.jpg,1
image_2490.jpg,1
image_2491.jpg,1
image_2492.jpg,1
image_2493.jpg,1
image_2494.jpg,1
image_2495.jpg,1
image_2496.jpg,1
image_2497.jpg,1
image_2498.jpg,1
image_2499.jpg,1
image_2500.jpg,1
image_2501.jpg,1
image_2502.jpg,1
image_2503.jpg,1
image_2504.jpg,1
image_2505.jpg,1
image_2506.jpg,1
image_2507.jpg,1
image_2508.jpg,1
image_2509.jpg,1
image_2510.jpg,1
image_2511.jpg,1
image_2512.jpg,1
image_2513.jpg,1
image_2514.jpg,1
image_2515.jpg,1
image_2516.jpg,1
image_2517.jpg,1
image_2518.jpg,1
image_2519.jpg,1
image_2520.jpg,1
image_2521.jpg,1
image_2522.jpg,1
image_2523.jpg,1
image_2524.jpg,1
image_2525.jpg,1
image_2526.jpg,1
image_2527.jpg,1
image_2528.jpg,1
image_2529.jpg,1
image_2530.jpg,1
image_2531.jpg,1
image_2532.jpg,1
image_2533.jpg,1
image_2534.jpg,1
image_2535.jpg,1
image_2536.jpg,1
image_2537.jpg,1
image_2538.jpg,1
image_2539.jpg,1
image_2540.jpg,1
image_2541.jpg,1
image_2542.jpg,1
image_2543.jpg,1
image_2544.jpg,1
image_2545.jpg,1
image_2546.jpg,1
image_2547.jpg,1
image_2548.jpg,1
image_2549.jpg,1
image_2550.jpg,1
image_2551.jpg,1
image_2552.jpg,1
image_2553.jpg,1
image_2554.jpg,1
image_2555.jpg,1
image_2556.jpg,1
image_2557.jpg,1
image_2558.jpg,1
image_2559.jpg,1
image_2560.jpg,1
image_2561.jpg,1
image_2562.jpg,1
image_2563.jpg,1
image_2564.jpg,1
image_2565.jpg,1
image_2566.jpg,1
image_2567.jpg,1
image_2568.jpg,1
image_2569.jpg,1
image_2570.jpg,1
image_2571.jpg,1
image_2572.jpg,1
image_2573.jpg,1
image_2574.jpg,1
image_2575.jpg,1
image_2576.jpg,1
image_2577.jpg,1
image_2578.jpg,1
image_2579.jpg,1
image_2580.jpg,1
image_2581.jpg,1
image_2582.jpg,1
image_2583.jpg,1
image_2584.jpg,1
image_2585.jpg,1
image_2586.jpg,1
image_2587.jpg,1
image_2588.jpg,1
image_2589.jpg,1
image_2590.jpg,1
image_2591.jpg,1
image_2592.jpg,1
image_2593.jpg,1
image_2594.jpg,1
image_2595.jpg,1
image_2596.jpg,1
image_2597.jpg,1
image_2598.jpg,1
image_2599.jpg,1
image_2600.jpg,1
image_2601.jpg,1
image_2602.jpg,1
image_2603.jpg,1
image_2604.jpg,1
image_2605.jpg,1
image_2606.jpg,1
image_2607.jpg,1
image_2608.jpg,1
image_2609.jpg,1
image_2610.jpg,1
image_2611.jpg,1
image_2612.jpg,1
image_2613.jpg,1
image_2614.jpg,1
image_2615.jpg,1
image_2616.jpg,1
image_2617.jpg,1
image_2618.jpg,1
image_2619.jpg,1
image_2620.jpg,1
image_2621.jpg,1
image_2622.jpg,1
image_2623.jpg,1
image_2624.jpg,1
image_2625.jpg,1
image_2626.jpg,1
image_2627.jpg,1
image_2628.jpg,1
image_2629.jpg,1
image_2630.jpg,1
image_2631.jpg,1
image_2632.jpg,1
image_2633.jpg,1
image_2634.jpg,1
image_2635.jpg,1
image_2636.jpg,1
image_2637.jpg,1
image_2638.jpg,1
image_2639.jpg,1
image_2640.jpg,1
image_2641.jpg,1
image_2642.jpg,1
image_2643.jpg,1
image_2644.jpg,1
image_2645.jpg,1
image_2646.jpg,1
image_2647.jpg,1
image_2648.jpg,1
image_2649.jpg,1
image_2650.jpg,1
image_2651.jpg,1
image_2652.jpg,1
image_2653.jpg,1
image_2654.jpg,1
image_2655.jpg,1
image_2656.jpg,1
image_2657.jpg,1
image_2658.jpg,1
image_2659.jpg,1
image_2660.jpg,1
image_2661.jpg,1
image_2662.jpg,1
image_2663.jpg,1
image_2664.jpg,1
image_2665.jpg,1
image_2666.jpg,1
image_2667.jpg,1
image_2668.jpg,1
image_2669.jpg,1
image_2670.jpg,1
image_2671.jpg,1
image_2672.jpg,1
image_2673.jpg,1
image_2674.jpg,1
image_2675.jpg,1
image_2676.jpg,1
image_2677.jpg,1
image_2678.jpg,1
image_2679.jpg,1
image_2680.jpg,1
image_2681.jpg,1
image_2682.jpg,1
image_2683.jpg,1
image_2684.jpg,1
image_2685.jpg,1
image_2686.jpg,1
image_2687.jpg,1
image_2688.jpg,1
image_2689.jpg,1
image_2690.jpg,1
image_2691.jpg,1
image_2692.jpg,1
image_2693.jpg,1
image_2694.jpg,1
image_2695.jpg,1
image_2696.jpg,1
image_2697.jpg,1
image_2698.jpg,1
image_2699.jpg,1
image_2700.jpg,1
image_2701.jpg,1
image_2702.jpg,1
image_2703.jpg,1
image_2704.jpg,1
image_2705.jpg,1
image_2706.jpg,1
image_2707.jpg,1
image_2708.jpg,1
image_2709.jpg,1
image_2710.jpg,1
image_2711.jpg,1
image_2712.jpg,1
image_2713.jpg,1
image_2714.jpg,1
image_2715.jpg,1
image_2716.jpg,1
image_2717.jpg,1
image_2718.jpg,1
image_2719.jpg,1
image_2720.jpg,1
image_2721.jpg,1
image_2722.jpg,1
image_2723.jpg,1
image_2724.jpg,1
image_2725.jpg,1
image_2726.jpg,1
image_2727.jpg,1
image_2728.jpg,1
image_2729.jpg,1
image_2730.jpg,1
image_2731.jpg,1
image_2732.jpg,1
image_2733.jpg,1
image_2734.jpg,1
image_2735.jpg,1
image_2736.jpg,1
image_2737.jpg,1
image_2738.jpg,1
image_2739.jpg,1
image_2740.jpg,1
image_2741.jpg,1
image_2742.jpg,1
image_2743.jpg,1
image_2744.jpg,1
image_2745.jpg,1
image_2746.jpg,1
image_2747.jpg,1
image_2748.jpg,1
image_2749.jpg,1
image_2750.jpg,1
image_2751.jpg,1
image_2752.jpg,1
image_2753.jpg,1
image_2754.jpg,1
image_2755.jpg,1
image_2756.jpg,1
image_2757.jpg,1
image_2758.jpg,1
image_2759.jpg,1
image_2760.jpg,1
image_2761.jpg,1
image_2762.jpg,1
image_2763.jpg,1
image_2764.jpg,1
image_2765.jpg,1
image_2766.jpg,1
image_2767.jpg,1
image_2768.jpg,1
image_2769.jpg,1
image_2770.jpg,1
image_2771.jpg,1
image_2772.jpg,1
image_2773.jpg,1
image_2774.jpg,1
image_2775.jpg,1
image_2776.jpg,1
image_2777.jpg,1
image_2778.jpg,1
image_2779.jpg,1
image_2780.jpg,1
image_2781.jpg,1
image_2782.jpg,1
image_2783.jpg,1
image_2784.jpg,1
image_2785.jpg,1
image_2786.jpg,1
image_2787.jpg,1
image_2788.jpg,1
image_2789.jpg,1
image_2790.jpg,1
image_2791.jpg,1
image_2792.jpg,1
image_2793.jpg,1
image_2794.jpg,1
image_2795.jpg,1
image_2796.jpg,1
image_2797.jpg,1
image_2798.jpg,1
image_2799.jpg,1
image_2800.jpg,1
image_2801.jpg,1
image_2802.jpg,1
image_2803.jpg,1
image_2804.jpg,1
image_2805.jpg,1
image_2806.jpg,1
image_2807.jpg,1
image_2808.jpg,1
image_2809.jpg,1
image_2810.jpg,1
image_2811.jpg,1
image_2812.jpg,1
image_2813.jpg,1
image_2814.jpg,1
image_2815.jpg,1
image_2816.jpg,1
image_2817.jpg,1
image_2818.jpg,1
image_2819.jpg,1
image_2820.jpg,1
image_2821.jpg,1
image_2822.jpg,1
image_2823.jpg,1
image_2824.jpg,1
image_2825.jpg,1
image_2826.jpg,1
image_2827.jpg,1
image_2828.jpg,1
image_2829.jpg,1
image_2830.jpg,1
image_2831.jpg,1
image_2832.jpg,1
image_2833.jpg,1
image_2834.jpg,1
image_2835.jpg,1
image_2836.jpg,1
image_2837.jpg,1
image_2838.jpg,1
image_2839.jpg,1
image_2840.jpg,1
image_2841.jpg,1
image_2842.jpg,1
image_2843.jpg,1
image_2844.jpg,1
image_2845.jpg,1
image_2846.jpg,1
image_2847.jpg,1
image_2848.jpg,1
image_2849.jpg,1
image_2850.jpg,1
image_2851.jpg,1
image_2852.jpg,1
image_2853.jpg,1
image_2854.jpg,1
image_2855.jpg,1
image_2856.jpg,1
image_2857.jpg,1
image_2858.jpg,1
image_2859.jpg,1
image_2860.jpg,1
image_2861.jpg,1
image_2862.jpg,1
image_2863.jpg,1
image_2864.jpg,1
image_2865.jpg,1
image_2866.jpg,1
image_2867.jpg,1
image_2868.jpg,1
image_2869.jpg,1
image_2870.jpg,1
image_2871.jpg,1
image_2872.jpg,1
image_2873.jpg,1
image_2874.jpg,1
image_2875.jpg,1
image_2876.jpg,1
image_2877.jpg,1
image_2878.jpg,1
image_2879.jpg,1
image_2880.jpg,1
image_2881.jpg,1
image_2882.jpg,1
image_2883.jpg,1
image_2884.jpg,1
image_2885.jpg,1
image_2886.jpg,1
image_2887.jpg,1
image_2888.jpg,1
image_2889.jpg,1
image_2890.jpg,1
image_2891.jpg,1
image_2892.jpg,1
image_2893.jpg,1
image_2894.jpg,1
image_2895.jpg,1
image_2896.jpg,1
image_2897.jpg,1
image_2898.jpg,1
image_2899.jpg,1
image_2900.jpg,1
image_2901.jpg,1
image_2902.jpg,1
image_2903.jpg,1
image_2904.jpg,1
image_2905.jpg,1
image_2906.jpg,1
image_2907.jpg,1
image_2908.jpg,1
image_2909.jpg,1
image_2910.jpg,1
image_2911.jpg,1
image_2912.jpg,1
image_2913.jpg,1
image_2914.jpg,1
image_2915.jpg,1
image_2916.jpg,1
image_2917.jpg,1
image_2918.jpg,1
image_2919.jpg,1
image_2920.jpg,1
image_2921.jpg,1
image_2922.jpg,1
image_2923.jpg,1
image_2924.jpg,1
image_2925.jpg,1
image_2926.jpg,1
image_2927.jpg,1
image_2928.jpg,1
image_2929.jpg,1
image_2930.jpg,1
image_2931.jpg,1
image_2932.jpg,1
image_2933.jpg,1
image_2934.jpg,1
image_2935.jpg,1
image_2936.jpg,1
image_2937.jpg,1
image_2938.jpg,1
image_2939.jpg,1
image_2940.jpg,1
image_2941.jpg,1
image_2942.jpg,1
image_2943.jpg,1
image_2944.jpg,1
image_2945.jpg,1
image_2946.jpg,1
image_2947.jpg,1
image_2948.jpg,1
image_2949.jpg,1
image_2950.jpg,1
image_2951.jpg,1
image_2952.jpg,1
image_2953.jpg,1
image_2954.jpg,1
image_2955.jpg,1
image_2956.jpg,1
image_2957.jpg,1
image_2958.jpg,1
image_2959.jpg,1
image_2960.jpg,1
image_2961.jpg,1
image_2962.jpg,1
image_2963.jpg,1
image_2964.jpg,1
image_2965.jpg,1
image_2966.jpg,1
image_2967.jpg,1
image_2968.jpg,1
image_2969.jpg,1
image_2970.jpg,1
image_2971.jpg,1
image_2972.jpg,1
image_2973.jpg,1
image_2974.jpg,1
image_2975.jpg,1
image_2976.jpg,1
image_2977.jpg,1
image_2978.jpg,1
image_2979.jpg,1
image_2980.jpg,1
image_2981.jpg,1
image_2982.jpg,1
image_2983.jpg,1
image_2984.jpg,1
image_2985.jpg,1
image_2986.jpg,1
image_2987.jpg,1
image_2988.jpg,1
image_2989.jpg,1
image_2990.jpg,1
image_2991.jpg,1
image_2992.jpg,1
image_2993.jpg,1
image_2994.jpg,1
image_2995.jpg,1
image_2996.jpg,1
image_2997.jpg,1
image_2998.jpg,1
image_2999.jpg,1
image_3000.jpg,1
image_3001.jpg,1
image_3002.jpg,1
image_3003.jpg,1
image_3004.jpg,1
image_3005.jpg,1
image_3006.jpg,1
image_3007.jpg,1
image_3008.jpg,1
image_3009.jpg,1
image_3010.jpg,1
image_3011.jpg,1
image_3012.jpg,1
image_3013.jpg,1
image_3014.jpg,1
image_3015.jpg,1
image_3016.jpg,1
image_3017.jpg,1
image_3018.jpg,1
image_3019.jpg,1
image_3020.jpg,1
image_3021.jpg,1
image_3022.jpg,1
image_3023.jpg,1
image_3024.jpg,1
image_3025.jpg,1
image_3026.jpg,1
image_3027.jpg,1
image_3028.jpg,1
image_3029.jpg,1
image_3030.jpg,1
image_3031.jpg,1
image_3032.jpg,1
image_3033.jpg,1
image_3034.jpg,1
image_3035.jpg,1
image_3036.jpg,1
image_3037.jpg,1
image_3038.jpg,1
image_3039.jpg,1
image_3040.jpg,1
image_3041.jpg,1
image_3042.jpg,1
image_3043.jpg,1
image_3044.jpg,1
image_3045.jpg,1
image_3046.jpg,1
image_3047.jpg,1
image_3048.jpg,1
image_3049.jpg,1
image_3050.jpg,1
image_3051.jpg,1
image_3052.jpg,1
image_3053.jpg,1
image_3054.jpg,1
image_3055.jpg,1
image_3056.jpg,1
image_3057.jpg,1
image_3058.jpg,1
image_3059.jpg,1
image_3060.jpg,1
image_3061.jpg,1
image_3062.jpg,1
image_3063.jpg,1
image_3064.jpg,1
image_3065.jpg,1
image_3066.jpg,1
image_3067.jpg,1
image_3068.jpg,1
image_3069.jpg,1
image_3070.jpg,1
image_3071.jpg,1
image_3072.jpg,1
image_3073.jpg,1
image_3074.jpg,1
image_3075.jpg,1
image_3076.jpg,1
image_3077.jpg,1
image_3078.jpg,1
image_3079.jpg,1
image_3080.jpg,1
image_3081.jpg,1
image_3082.jpg,1
image_3083.jpg,1
image_3084.jpg,1
image_3085.jpg,1
image_3086.jpg,1
image_3087.jpg,1
image_3088.jpg,1
image_3089.jpg,1
image_3090.jpg,1
image_3091.jpg,1
image_3092.jpg,1
image_3093.jpg,1
image_3094.jpg,1
image_3095.jpg,1
image_3096.jpg,1
image_3097.jpg,1
image_3098.jpg,1
image_3099.jpg,1
image_3100.jpg,1
image_3101.jpg,1
image_3102.jpg,1
image_3103.jpg,1
image_3104.jpg,1
image_3105.jpg,1
image_3106.jpg,1
image_3107.jpg,1
image_3108.jpg,1
image_3109.jpg,1
image_3110.jpg,1
image_3111.jpg,1
image_3112.jpg,1
image_3113.jpg,1
image_3114.jpg,1
image_3115.jpg,1
image_3116.jpg,1
image_3117.jpg,1
image_3118.jpg,1
image_3119.jpg,1
image_3120.jpg,1
image_3121.jpg,1
image_3122.jpg,1
image_3123.jpg,1
image_3124.jpg,1
image_3125.jpg,1
image_3126.jpg,1
image_3127.jpg,1
image_3128.jpg,1
image_3129.jpg,1
image_3130.jpg,1
image_3131.jpg,1
image_3132.jpg,1
image_3133.jpg,1
image_3134.jpg,1
image_3135.jpg,1
image_3136.jpg,1
image_3137.jpg,1
image_3138.jpg,1
image_3139.jpg,1
image_3140.jpg,1
image_3141.jpg,1
image_3142.jpg,1
image_3143.jpg,1
image_3144.jpg,1
image_3145.jpg,1
image_3146.jpg,1
image_3147.jpg,1
image_3148.jpg,1
image_3149.jpg,1
image_3150.jpg,1
image_3151.jpg,1
image_3152.jpg,1
image_3153.jpg,1
image_3154.jpg,1
image_3155.jpg,1
image_3156.jpg,1
image_3157.jpg,1
image_3158.jpg,1
image_3159.jpg,1
image_3160.jpg,1
image_3161.jpg,1
image_3162.jpg,1
image_3163.jpg,1
image_3164.jpg,1
image_3165.jpg,1
image_3166.jpg,1
image_3167.jpg,1
image_3168.jpg,1
image_3169.jpg,1
image_3170.jpg,1
image_3171.jpg,1
image_3172.jpg,1
image_3173.jpg,1
image_3174.jpg,1
image_3175.jpg,1
image_3176.jpg,1
image_3177.jpg,1
image_3178.jpg,1
image_3179.jpg,1
image_3180.jpg,1
image_3181.jpg,1
image_3182.jpg,1
image_3183.jpg,1
image_3184.jpg,1
image_3185.jpg,1
image_3186.jpg,1
image_3187.jpg,1
image_3188.jpg,1
image_3189.jpg,1
image_3190.jpg,1
image_3191.jpg,1
image_3192.jpg,1
image_3193.jpg,1
image_3194.jpg,1
image_3195.jpg,1
image_3196.jpg,1
image_3197.jpg,1
image_3198.jpg,1
image_3199.jpg,1
image_3200.jpg,1
image_3201.jpg,1
image_3202.jpg,1
image_3203.jpg,1
image_3204.jpg,1
image_3205.jpg,1
image_3206.jpg,1
image_3207.jpg,1
image_3208.jpg,1
image_3209.jpg,1
image_3210.jpg,1
image_3211.jpg,1
image_3212.jpg,1
image_3213.jpg,1
image_3214.jpg,1
image_3215.jpg,1
image_3216.jpg,1
image_3217.jpg,1
image_3218.jpg,1
image_3219.jpg,1
image_3220.jpg,1
image_3221.jpg,1
image_3222.jpg,1
image_3223.jpg,1
image_3224.jpg,1
image_3225.jpg,1
image_3226.jpg,1
image_3227.jpg,1
image_3228.jpg,1
image_3229.jpg,1
image_3230.jpg,1
image_3231.jpg,1
image_3232.jpg,1
image_3233.jpg,1
image_3234.jpg,1
image_3235.jpg,1
image_3236.jpg,1
image_3237.jpg,1
image_3238.jpg,1
image_3239.jpg,1
image_3240.jpg,1
image_3241.jpg,1
image_3242.jpg,1
image_3243.jpg,1
image_3244.jpg,1
image_3245.jpg,1
image_3246.jpg,1
image_3247.jpg,1
image_3248.jpg,1
image_3249.jpg,1
image_3250.jpg,1
image_3251.jpg,1
image_3252.jpg,1
image_3253.jpg,1
image_3254.jpg,1
image_3255.jpg,1
image_3256.jpg,1
image_3257.jpg,1
image_3258.jpg,1
image_3259.jpg,1
image_3260.jpg,1
image_3261.jpg,1
image_3262.jpg,1
image_3263.jpg,1
image_3264.jpg,1
image_3265.jpg,1
image_3266.jpg,1
image_3267.jpg,1
image_3268.jpg,1
image_3269.jpg,1
image_3270.jpg,1
image_3271.jpg,1
image_3272.jpg,1
image_3273.jpg,1
image_3274.jpg,1
image_3275.jpg,1
image_3276.jpg,1
image_3277.jpg,1
image_3278.jpg,1
image_3279.jpg,1
image_3280.jpg,1
image_3281.jpg,1
image_3282.jpg,1
image_3283.jpg,1
image_3284.jpg,1
image_3285.jpg,1
image_3286.jpg,1
image_3287.jpg,1
image_3288.jpg,1
image_3289.jpg,1
image_3290.jpg,1
image_3291.jpg,1
image_3292.jpg,1
image_3293.jpg,1
image_3294.jpg,1
image_3295.jpg,1
image_3296.jpg,1
image_3297.jpg,1
image_3298.jpg,1
image_3299.jpg,1
image_3300.jpg,1
image_3301.jpg,1
image_3302.jpg,1
image_3303.jpg,1
image_3304.jpg,1
image_3305.jpg,1
image_3306.jpg,1
image_3307.jpg,1
image_3308.jpg,1
image_3309.jpg,1
image_3310.jpg,1
image_3311.jpg,1
image_3312.jpg,1
image_3313.jpg,1
image_3314.jpg,1
image_3315.jpg,1
image_3316.jpg,1
image_3317.jpg,1
image_3318.jpg,1
image_3319.jpg,1
image_3320.jpg,1
image_3321.jpg,1
image_3322.jpg,1
image_3323.jpg,1
image_3324.jpg,1
image_3325.jpg,1
image_3326.jpg,1
image_3327.jpg,1
image_3328.jpg,1
image_3329.jpg,1
image_3330.jpg,1
image_3331.jpg,1
image_3332.jpg,1
image_3333.jpg,1
image_3334.jpg,1
image_3335.jpg,1
image_3336.jpg,1
image_3337.jpg,1
image_3338.jpg,1
image_3339.jpg,1
image_3340.jpg,1
image_3341.jpg,1
image_3342.jpg,1
image_3343.jpg,1
image_3344.jpg,1
image_3345.jpg,1
image_3346.jpg,1
image_3347.jpg,1
image_3348.jpg,1
image_3349.jpg,1
image_3350.jpg,1
image_3351.jpg,1
image_3352.jpg,1
image_3353.jpg,1
image_3354.jpg,1
image_3355.jpg,1
image_3356.jpg,1
image_3357.jpg,1
image_3358.jpg,1
image_3359.jpg,1
image_3360.jpg,1
image_3361.jpg,1
image_3362.jpg,1
image_3363.jpg,1
image_3364.jpg,1
image_3365.jpg,1
image_3366.jpg,1
image_3367.jpg,1
image_3368.jpg,1
image_3369.jpg,1
image_3370.jpg,1
image_3371.jpg,1
image_3372.jpg,1
image_3373.jpg,1
image_3374.jpg,1
image_3375.jpg,1
image_3376.jpg,1
image_3377.jpg,1
image_3378.jpg,1
image_3379.jpg,1
image_3380.jpg,1
image_3381.jpg,1
image_3382.jpg,1
image_3383.jpg,1
image_3384.jpg,1
image_3385.jpg,1
image_3386.jpg,1
image_3387.jpg,1
image_3388.jpg,1
image_3389.jpg,1
image_3390.jpg,1
image_3391.jpg,1
image_3392.jpg,1
image_3393.jpg,1
image_3394.jpg,1
image_3395.jpg,1
image_3396.jpg,1
image_3397.jpg,1
image_3398.jpg,1
image_3399.jpg,1
image_3400.jpg,1
image_3401.jpg,1
image_3402.jpg,1
image_3403.jpg,1
image_3404.jpg,1
image_3405.jpg,1
image_3406.jpg,1
image_3407.jpg,1
image_3408.jpg,1
image_3409.jpg,1
image_3410.jpg,1
image_3411.jpg,1
image_3412.jpg,1
image_3413.jpg,1
image_3414.jpg,1
image_3415.jpg,1
image_3416.jpg,1
image_3417.jpg,1
image_3418.jpg,1
image_3419.jpg,1
image_3420.jpg,1
image_3421.jpg,1
image_3422.jpg,1
image_3423.jpg,1
image_3424.jpg,1
image_3425.jpg,1
image_3426.jpg,1
image_3427.jpg,1
image_3428.jpg,1
image_3429.jpg,1
image_3430.jpg,1
image_3431.jpg,1
image_3432.jpg,1
image_3433.jpg,1
image_3434.jpg,1
image_3435.jpg,1
image_3436.jpg,1
image_3437.jpg,1
image_3438.jpg,1
image_3439.jpg,1
image_3440.jpg,1
image_3441.jpg,1
image_3442.jpg,1
image_3443.jpg,1
image_3444.jpg,1
image_3445.jpg,1
image_3446.jpg,1
image_3447.jpg,1
image_3448.jpg,1
image_3449.jpg,1
image_3450.jpg,1
image_3451.jpg,1
image_3452.jpg,1
image_3453.jpg,1
image_3454.jpg,1
image_3455.jpg,1
image_3456.jpg,1
image_3457.jpg,1
image_3458.jpg,1
image_3459.jpg,1
image_3460.jpg,1
image_3461.jpg,1
image_3462.jpg,1
image_3463.jpg,1
image_3464.jpg,1
image_3465.jpg,1
image_3466.jpg,1
image_3467.jpg,1
image_3468.jpg,1
image_3469.jpg,1
image_3470.jpg,1
image_3471.jpg,1
image_3472.jpg,1
image_3473.jpg,1
image_3474.jpg,1
image_3475.jpg,1
image_3476.jpg,1
image_3477.jpg,1
image_3478.jpg,1
image_3479.jpg,1
image_3480.jpg,1
image_3481.jpg,1
image_3482.jpg,1
image_3483.jpg,1
image_3484.jpg,1
image_3485.jpg,1
image_3486.jpg,1
image_3487.jpg,1
image_3488.jpg,1
image_3489.jpg,1
image_3490.jpg,1
image_3491.jpg,1
image_3492.jpg,1
image_3493.jpg,1
image_3494.jpg,1
image_3495.jpg,1
image_3496.jpg,1
image_3497.jpg,1
image_3498.jpg,1
image_3499.jpg,1
image_3500.jpg,1
image_3501.jpg,1
image_3502.jpg,1
image_3503.jpg,1
image_3504.jpg,1
image_3505.jpg,1
image_3506.jpg,1
image_3507.jpg,1
image_3508.jpg,1
image_3509.jpg,1
image_3510.jpg,1
image_3511.jpg,1
image_3512.jpg,1
image_3513.jpg,1
image_3514.jpg,1
image_3515.jpg,1
image_3516.jpg,1
image_3517.jpg,1
image_3518.jpg,1
image_3519.jpg,1
image_3520.jpg,1
image_3521.jpg,1
image_3522.jpg,1
image_3523.jpg,1
image_3524.jpg,1
image_3525.jpg,1
image_3526.jpg,1
image_3527.jpg,1
image_3528.jpg,1
image_3529.jpg,1
image_3530.jpg,1
image_3531.jpg,1
image_3532.jpg,1
image_3533.jpg,1
image_3534.jpg,1
image_3535.jpg,1
image_3536.jpg,1
image_3537.jpg,1
image_3538.jpg,1
image_3539.jpg,1
image_3540.jpg,1
image_3541.jpg,1
image_3542.jpg,1
image_3543.jpg,1
image_3544.jpg,1
image_3545.jpg,1
image_3546.jpg,1
image_3547.jpg,1
image_3548.jpg,1
image_3549.jpg,1
image_3550.jpg,1
image_3551.jpg,1
image_3552.jpg,1
image_3553.jpg,1
image_3554.jpg,1
image_3555.jpg,1
image_3556.jpg,1
image_3557.jpg,1
image_3558.jpg,1
image_3559.jpg,1
image_3560.jpg,1
image_3561.jpg,1
image_3562.jpg,1
image_3563.jpg,1
image_3564.jpg,1
image_3565.jpg,1
image_3566.jpg,1
image_3567.jpg,1
image_3568.jpg,1
image_3569.jpg,1
image_3570.jpg,1
image_3571.jpg,1
image_3572.jpg,1
image_3573.jpg,1
image_3574.jpg,1
image_3575.jpg,1
image_3576.jpg,1
image_3577.jpg,1
image_3578.jpg,1
image_3579.jpg,1
image_3580.jpg,1
image_3581.jpg,1
image_3582.jpg,1
image_3583.jpg,1
image_3584.jpg,1
image_3585.jpg,1
image_3586.jpg,1
image_3587.jpg,1
image_3588.jpg,1
image_3589.jpg,1
image_3590.jpg,1
image_3591.jpg,1
image_3592.jpg,1
image_3593.jpg,1
image_3594.jpg,1
image_3595.jpg,1
image_3596.jpg,1
image_3597.jpg,1
image_3598.jpg,1
image_3599.jpg,1
image_3600.jpg,1
image_3601.jpg,1
image_3602.jpg,1
image_3603.jpg,1
image_3604.jpg,1
image_3605.jpg,1
image_3606.jpg,1
image_3607.jpg,1
image_3608.jpg,1
image_3609.jpg,1
image_3610.jpg,1
image_3611.jpg,1
image_3612.jpg,1
image_3613.jpg,1
image_3614.jpg,1
image_3615.jpg,1
image_3616.jpg,1
image_3617.jpg,1
image_3618.jpg,1
image_3619.jpg,1
image_3620.jpg,1
image_3621.jpg,1
image_3622.jpg,1
image_3623.jpg,1
image_3624.jpg,1
image_3625.jpg,1
image_3626.jpg,1
image_3627.jpg,1
image_3628.jpg,1
image_3629.jpg,1
image_3630.jpg,1
image_3631.jpg,1
image_3632.jpg,1
image_3633.jpg,1
image_3634.jpg,1
image_3635.jpg,1
image_3636.jpg,1
image_3637.jpg,1
image_3638.jpg,1
image_3639.jpg,1
image_3640.jpg,1
image_3641.jpg,1
image_3642.jpg,1
image_3643.jpg,1
image_3644.jpg,1
image_3645.jpg,1
image_3646.jpg,1
image_3647.jpg,1
image_3648.jpg,1
image_3649.jpg,1
image_3650.jpg,1
image_3651.jpg,1
image_3652.jpg,1
image_3653.jpg,1
image_3654.jpg,1
image_3655.jpg,1
image_3656.jpg,1
image_3657.jpg,1
image_3658.jpg,1
image_3659.jpg,1
image_3660.jpg,1
image_3661.jpg,1
image_3662.jpg,1
image_3663.jpg,1
image_3664.jpg,1
image_3665.jpg,1
image_3666.jpg,1
image_3667.jpg,1
image_3668.jpg,1
image_3669.jpg,1
image_3670.jpg,1
image_3671.jpg,1
image_3672.jpg,1
image_3673.jpg,1
image_3674.jpg,1
image_3675.jpg,1
image_3676.jpg,1
image_3677.jpg,1
image_3678.jpg,1
image_3679.jpg,1
image_3680.jpg,1
image_3681.jpg,1
image_3682.jpg,1
image_3683.jpg,1
image_3684.jpg,1
image_3685.jpg,1
image_3686.jpg,1
image_3687.jpg,1
image_3688.jpg,1
image_3689.jpg,1
image_3690.jpg,1
image_3691.jpg,1
image_3692.jpg,1
image_3693.jpg,1
image_3694.jpg,1
image_3695.jpg,1
image_3696.jpg,1
image_3697.jpg,1
image_3698.jpg,1
image_3699.jpg,1
image_3700.jpg,1
image_3701.jpg,1
image_3702.jpg,1
image_3703.jpg,1
image_3704.jpg,1
image_3705.jpg,1
image_3706.jpg,1
image_3707.jpg,1
image_3708.jpg,1
image_3709.jpg,1
image_3710.jpg,1
image_3711.jpg,1
image_3712.jpg,1
image_3713.jpg,1
image_3714.jpg,1
image_3715.jpg,1
image_3716.jpg,1
image_3717.jpg,1
image_3718.jpg,1
image_3719.jpg,1
image_3720.jpg,1
image_3721.jpg,1
image_3722.jpg,1
image_3723.jpg,1
image_3724.jpg,1
image_3725.jpg,1
image_3726.jpg,1
image_3727.jpg,1
image_3728.jpg,1
image_3729.jpg,1
image_3730.jpg,1
image_3731.jpg,1
image_3732.jpg,1
image_3733.jpg,1
image_3734.jpg,1
image_3735.jpg,1
image_3736.jpg,1
image_3737.jpg,1
image_3738.jpg,1
image_3739.jpg,1
image_3740.jpg,1
image_3741.jpg,1
image_3742.jpg,1
image_3743.jpg,1
image_3744.jpg,1
image_3745.jpg,1
image_3746.jpg,1
image_3747.jpg,1
image_3748.jpg,1
image_3749.jpg,1
image_3750.jpg,1
image_3751.jpg,1
image_3752.jpg,1
image_3753.jpg,1
image_3754.jpg,1
image_3755.jpg,1
image_3756.jpg,1
image_3757.jpg,1
image_3758.jpg,1
image_3759.jpg,1
image_3760.jpg,1
image_3761.jpg,1
image_3762.jpg,1
image_3763.jpg,1
image_3764.jpg,1
image_3765.jpg,1
image_3766.jpg,1
image_3767.jpg,1
image_3768.jpg,1
image_3769.jpg,1
image_3770.jpg,1
image_3771.jpg,1
image_3772.jpg,1
image_3773.jpg,1
image_3774.jpg,1
image_3775.jpg,1
image_3776.jpg,1
image_3777.jpg,1
image_3778.jpg,1
image_3779.jpg,1
image_3780.jpg,1
image_3781.jpg,1
image_3782.jpg,1
image_3783.jpg,1
image_3784.jpg,1
image_3785.jpg,1
image_3786.jpg,1
image_3787.jpg,1
image_3788.jpg,1
image_3789.jpg,1
image_3790.jpg,1
image_3791.jpg,1
image_3792.jpg,1
image_3793.jpg,1
image_3794.jpg,1
image_3795.jpg,1
image_3796.jpg,1
image_3797.jpg,1
image_3798.jpg,1
image_3799.jpg,1
image_3800.jpg,1
image_3801.jpg,1
image_3802.jpg,1
image_3803.jpg,1
image_3804.jpg,1
image_3805.jpg,1
image_3806.jpg,1
image_3807.jpg,1
image_3808.jpg,1
image_3809.jpg,1
image_3810.jpg,1
image_3811.jpg,1
image_3812.jpg,1
image_3813.jpg,1
image_3814.jpg,1
image_3815.jpg,1
image_3816.jpg,1
image_3817.jpg,1
image_3818.jpg,1
image_3819.jpg,1
image_3820.jpg,1
image_3821.jpg,1
image_3822.jpg,1
image_3823.jpg,1
image_3824.jpg,1
image_3825.jpg,1
image_3826.jpg,1
image_3827.jpg,1
image_3828.jpg,1
image_3829.jpg,1
image_3830.jpg,1
image_3831.jpg,1
image_3832.jpg,1
image_3833.jpg,1
image_3834.jpg,1
image_3835.jpg,1
image_3836.jpg,1
image_3837.jpg,1
image_3838.jpg,1
image_3839.jpg,1
image_3840.jpg,1
image_3841.jpg,1
image_3842.jpg,1
image_3843.jpg,1
image_3844.jpg,1
image_3845.jpg,1
image_3846.jpg,1
image_3847.jpg,1
image_3848.jpg,1
image_3849.jpg,1
image_3850.jpg,1
image_3851.jpg,1
image_3852.jpg,1
image_3853.jpg,1
image_3854.jpg,1
image_3855.jpg,1
image_3856.jpg,1
image_3857.jpg,1
image_3858.jpg,1
image_3859.jpg,1
image_3860.jpg,1
image_3861.jpg,1
image_3862.jpg,1
image_3863.jpg,1
image_3864.jpg,1
image_3865.jpg,1
image_3866.jpg,1
image_3867.jpg,1
image_3868.jpg,1
image_3869.jpg,1
image_3870.jpg,1
image_3871.jpg,1
image_3872.jpg,1
image_3873.jpg,1
image_3874.jpg,1
image_3875.jpg,1
image_3876.jpg,1
image_3877.jpg,1
image_3878.jpg,1
image_3879.jpg,1
image_3880.jpg,1
image_3881.jpg,1
image_3882.jpg,1
image_3883.jpg,1
image_3884.jpg,1
image_3885.jpg,1
image_3886.jpg,1
image_3887.jpg,1
image_3888.jpg,1
image_3889.jpg,1
image_3890.jpg,1
image_3891.jpg,1
image_3892.jpg,1
image_3893.jpg,1
image_3894.jpg,1
image_3895.jpg,1
image_3896.jpg,1
image_3897.jpg,1
image_3898.jpg,1
image_3899.jpg,1
image_3900.jpg,1
image_3901.jpg,1
image_3902.jpg,1
image_3903.jpg,1
image_3904.jpg,1
image_3905.jpg,1
image_3906.jpg,1
image_3907.jpg,1
image_3908.jpg,1
image_3909.jpg,1
image_3910.jpg,1
image_3911.jpg,1
image_3912.jpg,1
image_3913.jpg,1
image_3914.jpg,1
image_3915.jpg,1
image_3916.jpg,1
image_3917.jpg,1
image_3918.jpg,1
image_3919.jpg,1
image_3920.jpg,1
image_3921.jpg,1
image_3922.jpg,1
image_3923.jpg,1
image_3924.jpg,1
image_3925.jpg,1
image_3926.jpg,1
image_3927.jpg,1
image_3928.jpg,1
image_3929.jpg,1
image_3930.jpg,1
image_3931.jpg,1
image_3932.jpg,1
image_3933.jpg,1
image_3934.jpg,1
image_3935.jpg,1
image_3936.jpg,1
image_3937.jpg,1
image_3938.jpg,1
image_3939.jpg,1
image_3940.jpg,1
image_3941.jpg,1
image_3942.jpg,1
image_3943.jpg,1
image_3944.jpg,1
image_3945.jpg,1
image_3946.jpg,1
image_3947.jpg,1
image_3948.jpg,1
image_3949.jpg,1
image_3950.jpg,1
image_3951.jpg,1
image_3952.jpg,1
image_3953.jpg,1
image_3954.jpg,1
image_3955.jpg,1
image_3956.jpg,1
image_3957.jpg,1
image_3958.jpg,1
image_3959.jpg,1
image_3960.jpg,1
image_3961.jpg,1
image_3962.jpg,1
image_3963.jpg,1
image_3964.jpg,1
image_3965.jpg,1
image_3966.jpg,1
image_3967.jpg,1
image_3968.jpg,1
image_3969.jpg,1
image_3970.jpg,1
image_3971.jpg,1
image_3972.jpg,1
image_3973.jpg,1
image_3974.jpg,1
image_3975.jpg,1
image_3976.jpg,1
image_3977.jpg,1
image_3978.jpg,1
image_3979.jpg,1
image_3980.jpg,1
image_3981.jpg,1
image_3982.jpg,1
image_3983.jpg,1
image_3984.jpg,1
image_3985.jpg,1
image_3986.jpg,1
image_3987.jpg,1
image_3988.jpg,1
image_3989.jpg,1
image_3990.jpg,1
image_3991.jpg,1
image_3992.jpg,1
image_3993.jpg,1
image_3994.jpg,1
image_3995.jpg,1
image_3996.jpg,1
image_3997.jpg,1
image_3998.jpg,1
image_3999.jpg,1
image_4000.jpg,1
image_4001.jpg,1
image_4002.jpg,1
image_4003.jpg,1
image_4004.jpg,1
image_4005.jpg,1
image_4006.jpg,1
image_4007.jpg,1
image_4008.jpg,1
image_4009.jpg,1
image_4010.jpg,1
image_4011.jpg,1
image_4012.jpg,1
image_4013.jpg,1
image_4014.jpg,1
image_4015.jpg,1
image_4016.jpg,1
image_4017.jpg,1
image_4018.jpg,1
image_4019.jpg,1
image_4020.jpg,1
image_4021.jpg,1
image_4022.jpg,1
image_4023.jpg,1
image_4024.jpg,1
image_4025.jpg,1
image_4026.jpg,1
image_4027.jpg,1
image_4028.jpg,1
image_4029.jpg,1
image_4030.jpg,1
image_4031.jpg,1
image_4032.jpg,1
image_4033.jpg,1
image_4034.jpg,1
image_4035.jpg,1
image_4036.jpg,1
image_4037.jpg,1
image_4038.jpg,1
image_4039.jpg,1
image_4040.jpg,1
image_4041.jpg,1
image_4042.jpg,1
image_4043.jpg,1
image_4044.jpg,1
image_4045.jpg,1
image_4046.jpg,1
image_4047.jpg,1
image_4048.jpg,1
image_4049.jpg,1
image_4050.jpg,1
image_4051.jpg,1
image_4052.jpg,1
image_4053.jpg,1
image_4054.jpg,1
image_4055.jpg,1
image_4056.jpg,1
image_4057.jpg,1
image_4058.jpg,1
image_4059.jpg,1
image_4060.jpg,1
image_4061.jpg,1
image_4062.jpg,1
image_4063.jpg,1
image_4064.jpg,1
image_4065.jpg,1
image_4066.jpg,1
image_4067.jpg,1
image_4068.jpg,1
image_4069.jpg,1
image_4070.jpg,1
image_4071.jpg,1
image_4072.jpg,1
image_4073.jpg,1
image_4074.jpg,1
image_4075.jpg,1
image_4076.jpg,1
image_4077.jpg,1
image_4078.jpg,1
image_4079.jpg,1
image_4080.jpg,1
image_4081.jpg,1
image_4082.jpg,1
image_4083.jpg,1
image_4084.jpg,1
image_4085.jpg,1
image_4086.jpg,1
image_4087.jpg,1
image_4088.jpg,1
image_4089.jpg,1
image_4090.jpg,1
image_4091.jpg,1
image_4092.jpg,1
image_4093.jpg,1
image_4094.jpg,1
image_4095.jpg,1
image_4096.jpg,1
image_4097.jpg,1
image_4098.jpg,1
image_4099.jpg,1
image_4100.jpg,1
image_4101.jpg,1
image_4102.jpg,1
image_4103.jpg,1
image_4104.jpg,1
image_4105.jpg,1
image_4106.jpg,1
image_4107.jpg,1
image_4108.jpg,1
image_4109.jpg,1
image_4110.jpg,1
image_4111.jpg,1
image_4112.jpg,1
image_4113.jpg,1
image_4114.jpg,1
image_4115.jpg,1
image_4116.jpg,1
image_4117.jpg,1
image_4118.jpg,1
image_4119.jpg,1
image_4120.jpg,1
image_4121.jpg,1
image_4122.jpg,1
image_4123.jpg,1
image_4124.jpg,1
image_4125.jpg,1
image_4126.jpg,1
image_4127.jpg,1
image_4128.jpg,1
image_4129.jpg,1
image_4130.jpg,1
image_4131.jpg,1
image_4132.jpg,1
image_4133.jpg,1
image_4134.jpg,1
image_4135.jpg,1
image_4136.jpg,1
image_4137.jpg,1
image_4138.jpg,1
image_4139.jpg,1
image_4140.jpg,1
image_4141.jpg,1
image_4142.jpg,1
image_4143.jpg,1
image_4144.jpg,1
image_4145.jpg,1
image_4146.jpg,1
image_4147.jpg,1
image_4148.jpg,1
image_4149.jpg,1
image_4150.jpg,1
image_4151.jpg,1
image_4152.jpg,1
image_4153.jpg,1
image_4154.jpg,1
image_4155.jpg,1
image_4156.jpg,1
image_4157.jpg,1
image_4158.jpg,1
image_4159.jpg,1
image_4160.jpg,1
image_4161.jpg,1
image_4162.jpg,1
image_4163.jpg,1
image_4164.jpg,1
image_4165.jpg,1
image_4166.jpg,1
image_4167.jpg,1
image_4168.jpg,1
image_4169.jpg,1
image_4170.jpg,1
image_4171.jpg,1
image_4172.jpg,1
image_4173.jpg,1
image_4174.jpg,1
image_4175.jpg,1
image_4176.jpg,1
image_4177.jpg,1
image_4178.jpg,1
image_4179.jpg,1
image_4180.jpg,1
image_4181.jpg,1
image_4182.jpg,1
image_4183.jpg,1
image_4184.jpg,1
image_4185.jpg,1
image_4186.jpg,1
image_4187.jpg,1
image_4188.jpg,1
image_4189.jpg,1
image_4190.jpg,1
image_4191.jpg,1
image_4192.jpg,1
image_4193.jpg,1
image_4194.jpg,1
image_4195.jpg,1
image_4196.jpg,1
image_4197.jpg,1
image_4198.jpg,1
image_4199.jpg,1
image_4200.jpg,1
image_4201.jpg,1
image_4202.jpg,1
image_4203.jpg,1
image_4204.jpg,1
image_4205.jpg,1
image_4206.jpg,1
image_4207.jpg,1
image_4208.jpg,1
image_4209.jpg,1
image_4210.jpg,1
image_4211.jpg,1
image_4212.jpg,1
image_4213.jpg,1
image_4214.jpg,1
image_4215.jpg,1
image_4216.jpg,1
image_4217.jpg,1
image_4218.jpg,1
image_4219.jpg,1
image_4220.jpg,1
image_4221.jpg,1
image_4222.jpg,1
image_4223.jpg,1
image_4224.jpg,1
image_4225.jpg,1
image_4226.jpg,1
image_4227.jpg,1
image_4228.jpg,1
image_4229.jpg,1
image_4230.jpg,1
image_4231.jpg,1
image_4232.jpg,1
image_4233.jpg,1
image_4234.jpg,1
image_4235.jpg,1
image_4236.jpg,1
image_4237.jpg,1
image_4238.jpg,1
image_4239.jpg,1
image_4240.jpg,1
image_4241.jpg,1
image_4242.jpg,1
image_4243.jpg,1
image_4244.jpg,1
image_4245.jpg,1
image_4246.jpg,1
image_4247.jpg,1
image_4248.jpg,1
image_4249.jpg,1
image_4250.jpg,1
image_4251.jpg,1
image_4252.jpg,1
image_4253.jpg,1
image_4254.jpg,1
image_4255.jpg,1
image_4256.jpg,1
image_4257.jpg,1
image_4258.jpg,1
image_4259.jpg,1
image_4260.jpg,1
image_4261.jpg,1
image_4262.jpg,1
image_4263.jpg,1
image_4264.jpg,1
image_4265.jpg,1
image_4266.jpg,1
image_4267.jpg,1
image_4268.jpg,1
image_4269.jpg,1
image_4270.jpg,1
image_4271.jpg,1
image_4272.jpg,1
image_4273.jpg,1
image_4274.jpg,1
image_4275.jpg,1
image_4276.jpg,1
image_4277.jpg,1
image_4278.jpg,1
image_4279.jpg,1
image_4280.jpg,1
image_4281.jpg,1
image_4282.jpg,1
image_4283.jpg,1
image_4284.jpg,1
image_4285.jpg,1
image_4286.jpg,1
image_4287.jpg,1
image_4288.jpg,1
image_4289.jpg,1
image_4290.jpg,1
image_4291.jpg,1
image_4292.jpg,1
image_4293.jpg,1
image_4294.jpg,1
image_4295.jpg,1
image_4296.jpg,1
image_4297.jpg,1
image_4298.jpg,1
image_4299.jpg,1
image_4300.jpg,1
image_4301.jpg,1
image_4302.jpg,1
image_4303.jpg,1
image_4304.jpg,1
image_4305.jpg,1
image_4306.jpg,1
image_4307.jpg,1
image_4308.jpg,1
image_4309.jpg,1
image_4310.jpg,1
image_4311.jpg,1
image_4312.jpg,1
image_4313.jpg,1
image_4314.jpg,1
image_4315.jpg,1
image_4316.jpg,1
image_4317.jpg,1
image_4318.jpg,1
image_4319.jpg,1
image_4320.jpg,1
image_4321.jpg,1
image_4322.jpg,1
image_4323.jpg,1
image_4324.jpg,1
image_4325.jpg,1
image_4326.jpg,1
image_4327.jpg,1
image_4328.jpg,1
image_4329.jpg,1
image_4330.jpg,1
image_4331.jpg,1
image_4332.jpg,1
image_4333.jpg,1
image_4334.jpg,1
image_4335.jpg,1
image_4336.jpg,1
image_4337.jpg,1
image_4338.jpg,1
image_4339.jpg,1
image_4340.jpg,1
image_4341.jpg,1
image_4342.jpg,1
image_4343.jpg,1
image_4344.jpg,1
image_4345.jpg,1
image_4346.jpg,1
image_4347.jpg,1
image_4348.jpg,1
image_4349.jpg,1
image_4350.jpg,1
image_4351.jpg,1
image_4352.jpg,1
image_4353.jpg,1
image_4354.jpg,1
image_4355.jpg,1
image_4356.jpg,1
image_4357.jpg,1
image_4358.jpg,1
image_4359.jpg,1
image_4360.jpg,1
image_4361.jpg,1
image_4362.jpg,1
image_4363.jpg,1
image_4364.jpg,1
image_4365.jpg,1
image_4366.jpg,1
image_4367.jpg,1
image_4368.jpg,1
image_4369.jpg,1
image_4370.jpg,1
image_4371.jpg,1
image_4372.jpg,1
image_4373.jpg,1
image_4374.jpg,1
image_4375.jpg,1
image_4376.jpg,1
image_4377.jpg,1
image_4378.jpg,1
image_4379.jpg,1
image_4380.jpg,1
image_4381.jpg,1
image_4382.jpg,1
image_4383.jpg,1
image_4384.jpg,1
image_4385.jpg,1
image_4386.jpg,1
image_4387.jpg,1
image_4388.jpg,1
image_4389.jpg,1
image_4390.jpg,1
image_4391.jpg,1
image_4392.jpg,1
image_4393.jpg,1
image_4394.jpg,1
image_4395.jpg,1
image_4396.jpg,1
image_4397.jpg,1
image_4398.jpg,1
image_4399.jpg,1
image_4400.jpg,1
image_4401.jpg,1
image_4402.jpg,1
image_4403.jpg,1
image_4404.jpg,1
image_4405.jpg,1
image_4406.jpg,1
image_4407.jpg,1
image_4408.jpg,1
image_4409.jpg,1
image_4410.jpg,1
image_4411.jpg,1
image_4412.jpg,1
image_4413.jpg,1
image_4414.jpg,1
image_4415.jpg,1
image_4416.jpg,1
image_4417.jpg,1
image_4418.jpg,1
image_4419.jpg,1
image_4420.jpg,1
image_4421.jpg,1
image_4422.jpg,1
image_4423.jpg,1
image_4424.jpg,1
image_4425.jpg,1
image_4426.jpg,1
image_4427.jpg,1
image_4428.jpg,1
image_4429.jpg,1
image_4430.jpg,1
image_4431.jpg,1
image_4432.jpg,1
image_4433.jpg,1
image_4434.jpg,1
image_4435.jpg,1
image_4436.jpg,1
image_4437.jpg,1
image_4438.jpg,1
image_4439.jpg,1
image_4440.jpg,1
image_4441.jpg,1
image_4442.jpg,1
image_4443.jpg,1
image_4444.jpg,1
image_4445.jpg,1
image_4446.jpg,1
image_4447.jpg,1
image_4448.jpg,1
image_4449.jpg,1
image_4450.jpg,1
image_4451.jpg,1
image_4452.jpg,1
image_4453.jpg,1
image_4454.jpg,1
image_4455.jpg,1
image_4456.jpg,1
image_4457.jpg,1
image_4458.jpg,1
image_4459.jpg,1
image_4460.jpg,1
image_4461.jpg,1
image_4462.jpg,1
image_4463.jpg,1
image_4464.jpg,1
image_4465.jpg,1
image_4466.jpg,1
image_4467.jpg,1
image_4468.jpg,1
image_4469.jpg,1
image_4470.jpg,1
image_4471.jpg,1
image_4472.jpg,1
image_4473.jpg,1
image_4474.jpg,1
image_4475.jpg,1
image_4476.jpg,1
image_4477.jpg,1
image_4478.jpg,1
image_4479.jpg,1
image_4480.jpg,1
image_4481.jpg,1
image_4482.jpg,1
image_4483.jpg,1
image_4484.jpg,1
image_4485.jpg,1
image_4486.jpg,1
image_4487.jpg,1
image_4488.jpg,1
image_4489.jpg,1
image_4490.jpg,1
image_4491.jpg,1
image_4492.jpg,1
image_4493.jpg,1
image_4494.jpg,1
image_4495.jpg,1
image_4496.jpg,1
image_4497.jpg,1
image_4498.jpg,1
image_4499.jpg,1
image_4500.jpg,1
image_4501.jpg,1
image_4502.jpg,1
image_4503.jpg,1
image_4504.jpg,1
image_4505.jpg,1
image_4506.jpg,1
image_4507.jpg,1
image_4508.jpg,1
image_4509.jpg,1
image_4510.jpg,1
image_4511.jpg,1
image_4512.jpg,1
image_4513.jpg,1
image_4514.jpg,1
image_4515.jpg,1
image_4516.jpg,1
image_4517.jpg,1
image_4518.jpg,1
image_4519.jpg,1
image_4520.jpg,1
image_4521.jpg,1
image_4522.jpg,1
image_4523.jpg,1
image_4524.jpg,1
image_4525.jpg,1
image_4526.jpg,1
image_4527.jpg,1
image_4528.jpg,1
image_4529.jpg,1
image_4530.jpg,1
image_4531.jpg,1
image_4532.jpg,1
image_4533.jpg,1
image_4534.jpg,1
image_4535.jpg,1
image_4536.jpg,1
image_4537.jpg,1
image_4538.jpg,1
image_4539.jpg,1
image_4540.jpg,1
image_4541.jpg,1
image_4542.jpg,1
image_4543.jpg,1
image_4544.jpg,1
image_4545.jpg,1
image_4546.jpg,1
image_4547.jpg,1
image_4548.jpg,1
image_4549.jpg,1
image_4550.jpg,1
image_4551.jpg,1
image_4552.jpg,1
image_4553.jpg,1
image_4554.jpg,1
image_4555.jpg,1
image_4556.jpg,1
image_4557.jpg,1
image_4558.jpg,1
image_4559.jpg,1
image_4560.jpg,1
image_4561.jpg,1
image_4562.jpg,1
image_4563.jpg,1
image_4564.jpg,1
image_4565.jpg,1
image_4566.jpg,1
image_4567.jpg,1
image_4568.jpg,1
image_4569.jpg,1
image_4570.jpg,1
image_4571.jpg,1
image_4572.jpg,1
image_4573.jpg,1
image_4574.jpg,1
image_4575.jpg,1
image_4576.jpg,1
image_4577.jpg,1
image_4578.jpg,1
image_4579.jpg,1
image_4580.jpg,1
image_4581.jpg,1
image_4582.jpg,1
image_4583.jpg,1
image_4584.jpg,1
image_4585.jpg,1
image_4586.jpg,1
image_4587.jpg,1
image_4588.jpg,1
image_4589.jpg,1
image_4590.jpg,1
image_4591.jpg,1
image_4592.jpg,1
image_4593.jpg,1
image_4594.jpg,1
image_4595.jpg,1
image_4596.jpg,1
image_4597.jpg,1
image_4598.jpg,1
image_4599.jpg,1
image_4600.jpg,1
image_4601.jpg,1
image_4602.jpg,1
image_4603.jpg,1
image_4604.jpg,1
image_4605.jpg,1
image_4606.jpg,1
image_4607.jpg,1
image_4608.jpg,1
image_4609.jpg,1
image_4610.jpg,1
image_4611.jpg,1
image_4612.jpg,1
image_4613.jpg,1
image_4614.jpg,1
image_4615.jpg,1
image_4616.jpg,1
image_4617.jpg,1
image_4618.jpg,1
image_4619.jpg,1
image_4620.jpg,1
image_4621.jpg,1
image_4622.jpg,1
image_4623.jpg,1
image_4624.jpg,1
image_4625.jpg,1
image_4626.jpg,1
image_4627.jpg,1
image_4628.jpg,1
image_4629.jpg,1
image_4630.jpg,1
image_4631.jpg,1
image_4632.jpg,1
image_4633.jpg,1
image_4634.jpg,1
image_4635.jpg,1
image_4636.jpg,1
image_4637.jpg,1
image_4638.jpg,1
image_4639.jpg,1
image_4640.jpg,1
image_4641.jpg,1
image_4642.jpg,1
image_4643.jpg,1
image_4644.jpg,1
image_4645.jpg,1
image_4646.jpg,1
image_4647.jpg,1
image_4648.jpg,1
image_4649.jpg,1
image_4650.jpg,1
image_4651.jpg,1
image_4652.jpg,1
image_4653.jpg,1
image_4654.jpg,1
image_4655.jpg,1
image_4656.jpg,1
image_4657.jpg,1
image_4658.jpg,1
image_4659.jpg,1
image_4660.jpg,1
image_4661.jpg,1
image_4662.jpg,1
image_4663.jpg,1
image_4664.jpg,1
image_4665.jpg,1
image_4666.jpg,1
image_4667.jpg,1
image_4668.jpg,1
image_4669.jpg,1
image_4670.jpg,1
image_4671.jpg,1
image_4672.jpg,1
image_4673.jpg,1
image_4674.jpg,1
image_4675.jpg,1
image_4676.jpg,1
image_4677.jpg,1
image_4678.jpg,1
image_4679.jpg,1
image_4680.jpg,1
image_4681.jpg,1
image_4682.jpg,1
image_4683.jpg,1
image_4684.jpg,1
image_4685.jpg,1
image_4686.jpg,1
image_4687.jpg,1
image_4688.jpg,1
image_4689.jpg,1
image_4690.jpg,1
image_4691.jpg,1
image_4692.jpg,1
image_4693.jpg,1
image_4694.jpg,1
image_4695.jpg,1
image_4696.jpg,1
image_4697.jpg,1
image_4698.jpg,1
image_4699.jpg,1
image_4700.jpg,1
image_4701.jpg,1
image_4702.jpg,1
image_4703.jpg,1
image_4704.jpg,1
image_4705.jpg,1
image_4706.jpg,1
image_4707.jpg,1
image_4708.jpg,1
image_4709.jpg,1
image_4710.jpg,1
image_4711.jpg,1
image_4712.jpg,1
image_4713.jpg,1
image_4714.jpg,1
image_4715.jpg,1
image_4716.jpg,1
image_4717.jpg,1
image_4718.jpg,1
image_4719.jpg,1
image_4720.jpg,1
image_4721.jpg,1
image_4722.jpg,1
image_4723.jpg,1
image_4724.jpg,1
image_4725.jpg,1
image_4726.jpg,1
image_4727.jpg,1
image_4728.jpg,1
image_4729.jpg,1
image_4730.jpg,1
image_4731.jpg,1
image_4732.jpg,1
image_4733.jpg,1
image_4734.jpg,1
image_4735.jpg,1
image_4736.jpg,1
image_4737.jpg,1
image_4738.jpg,1
image_4739.jpg,1
image_4740.jpg,1
image_4741.jpg,1
image_4742.jpg,1
image_4743.jpg,1
image_4744.jpg,1
image_4745.jpg,1
image_4746.jpg,1
image_4747.jpg,1
image_4748.jpg,1
image_4749.jpg,1
image_4750.jpg,1
image_4751.jpg,1
image_4752.jpg,1
image_4753.jpg,1
image_4754.jpg,1
image_4755.jpg,1
image_4756.jpg,1
image_4757.jpg,1
image_4758.jpg,1
image_4759.jpg,1
image_4760.jpg,1
image_4761.jpg,1
image_4762.jpg,1
image_4763.jpg,1
image_4764.jpg,1
image_4765.jpg,1
image_4766.jpg,1
image_4767.jpg,1
image_4768.jpg,1
image_4769.jpg,1
image_4770.jpg,1
image_4771.jpg,1
image_4772.jpg,1
image_4773.jpg,1
image_4774.jpg,1
image_4775.jpg,1
image_4776.jpg,1
image_4777.jpg,1
image_4778.jpg,1
image_4779.jpg,1
image_4780.jpg,1
image_4781.jpg,1
image_4782.jpg,1
image_4783.jpg,1
image_4784.jpg,1
image_4785.jpg,1
image_4786.jpg,1
image_4787.jpg,1
image_4788.jpg,1
image_4789.jpg,1
image_4790.jpg,1
image_4791.jpg,1
image_4792.jpg,1
image_4793.jpg,1
image_4794.jpg,1
image_4795.jpg,1
image_4796.jpg,1
image_4797.jpg,1
image_4798.jpg,1
image_4799.jpg,1
image_4800.jpg,1
image_4801.jpg,1
image_4802.jpg,1
image_4803.jpg,1
image_4804.jpg,1
image_4805.jpg,1
image_4806.jpg,1
image_4807.jpg,1
image_4808.jpg,1
image_4809.jpg,1
image_4810.jpg,1
image_4811.jpg,1
image_4812.jpg,1
image_4813.jpg,1
image_4814.jpg,1
image_4815.jpg,1
image_4816.jpg,1
image_4817.jpg,1
image_4818.jpg,1
image_4819.jpg,1
image_4820.jpg,1
image_4821.jpg,1
image_4822.jpg,1
image_4823.jpg,1
image_4824.jpg,1
image_4825.jpg,1
image_4826.jpg,1
image_4827.jpg,1
image_4828.jpg,1
image_4829.jpg,1
image_4830.jpg,1
image_4831.jpg,1
image_4832.jpg,1
image_4833.jpg,1
image_4834.jpg,1
image_4835.jpg,1
image_4836.jpg,1
image_4837.jpg,1
image_4838.jpg,1
image_4839.jpg,1
image_4840.jpg,1
image_4841.jpg,1
image_4842.jpg,1
image_4843.jpg,1
image_4844.jpg,1
image_4845.jpg,1
image_4846.jpg,1
image_4847.jpg,1
image_4848.jpg,1
image_4849.jpg,1
image_4850.jpg,1
image_4851.jpg,1
image_4852.jpg,1
image_4853.jpg,1
image_4854.jpg,1
image_4855.jpg,1
image_4856.jpg,1
image_4857.jpg,1
image_4858.jpg,1
image_4859.jpg,1
image_4860.jpg,1
image_4861.jpg,1
image_4862.jpg,1
image_4863.jpg,1
image_4864.jpg,1
image_4865.jpg,1
image_4866.jpg,1
image_4867.jpg,1
image_4868.jpg,1
image_4869.jpg,1
image_4870.jpg,1
image_4871.jpg,1
image_4872.jpg,1
image_4873.jpg,1
image_4874.jpg,1
image_4875.jpg,1
image_4876.jpg,1
image_4877.jpg,1
image_4878.jpg,1
image_4879.jpg,1
image_4880.jpg,1
image_4881.jpg,1
image_4882.jpg,1
image_4883.jpg,1
image_4884.jpg,1
image_4885.jpg,1
image_4886.jpg,1
image_4887.jpg,1
image_4888.jpg,1
image_4889.jpg,1
image_4890.jpg,1
image_4891.jpg,1
image_4892.jpg,1
image_4893.jpg,1
image_4894.jpg,1
image_4895.jpg,1
image_4896.jpg,1
image_4897.jpg,1
image_4898.jpg,1
image_4899.jpg,1
image_4900.jpg,1
image_4901.jpg,1
image_4902.jpg,1
image_4903.jpg,1
image_4904.jpg,1
image_4905.jpg,1
image_4906.jpg,1
image_4907.jpg,1
image_4908.jpg,1
image_4909.jpg,1
image_4910.jpg,1
image_4911.jpg,1
image_4912.jpg,1
image_4913.jpg,1
image_4914.jpg,1
image_4915.jpg,1
image_4916.jpg,1
image_4917.jpg,1
image_4918.jpg,1
image_4919.jpg,1
image_4920.jpg,1
image_4921.jpg,1
image_4922.jpg,1
image_4923.jpg,1
image_4924.jpg,1
image_4925.jpg,1
image_4926.jpg,1
image_4927.jpg,1
image_4928.jpg,1
image_4929.jpg,1
image_4930.jpg,1
image_4931.jpg,1
image_4932.jpg,1
image_4933.jpg,1
image_4934.jpg,1
image_4935.jpg,1
image_4936.jpg,1
image_4937.jpg,1
image_4938.jpg,1
image_4939.jpg,1
image_4940.jpg,1
image_4941.jpg,1
image_4942.jpg,1
image_4943.jpg,1
image_4944.jpg,1
image_4945.jpg,1
image_4946.jpg,1
image_4947.jpg,1
image_4948.jpg,1
image_4949.jpg,1
image_4950.jpg,1
image_4951.jpg,1
image_4952.jpg,1
image_4953.jpg,1
image_4954.jpg,1
image_4955.jpg,1
image_4956.jpg,1
image_4957.jpg,1
image_4958.jpg,1
image_4959.jpg,1
image_4960.jpg,1
image_4961.jpg,1
image_4962.jpg,1
image_4963.jpg,1
image_4964.jpg,1
image_4965.jpg,1
image_4966.jpg,1
image_4967.jpg,1
image_4968.jpg,1
image_4969.jpg,1
image_4970.jpg,1
image_4971.jpg,1
image_4972.jpg,1
image_4973.jpg,1
image_4974.jpg,1
image_4975.jpg,1
image_4976.jpg,1
image_4977.jpg,1
image_4978.jpg,1
image_4979.jpg,1
image_4980.jpg,1
image_4981.jpg,1
image_4982.jpg,1
image_4983.jpg,1
image_4984.jpg,1
image_4985.jpg,1
image_4986.jpg,1
image_4987.jpg,1
image_4988.jpg,1
image_4989.jpg,1
image_4990.jpg,1
image_4991.jpg,1
image_4992.jpg,1
image_4993.jpg,1
image_4994.jpg,1
image_4995.jpg,1
image_4996.jpg,1
image_4997.jpg,1
image_4998.jpg,1
image_4999.jpg,1
image_5000.jpg,1
image_5001.jpg,1
image_5002.jpg,1
image_5003.jpg,1
image_5004.jpg,1
image_5005.jpg,1
image_5006.jpg,1
image_5007.jpg,1
image_5008.jpg,1
image_5009.jpg,1
image_5010.jpg,1
image_5011.jpg,1
image_5012.jpg,1
image_5013.jpg,1
image_5014.jpg,1
image_5015.jpg,1
image_5016.jpg,1
image_5017.jpg,1
image_5018.jpg,1
image_5019.jpg,1
image_5020.jpg,1
image_5021.jpg,1
image_5022.jpg,1
image_5023.jpg,1
image_5024.jpg,1
image_5025.jpg,1
image_5026.jpg,1
image_5027.jpg,1
image_5028.jpg,1
image_5029.jpg,1
image_5030.jpg,1
image_5031.jpg,1
image_5032.jpg,1
image_5033.jpg,1
image_5034.jpg,1
image_5035.jpg,1
image_5036.jpg,1
image_5037.jpg,1
image_5038.jpg,1
image_5039.jpg,1
image_5040.jpg,1
image_5041.jpg,1
image_5042.jpg,1
image_5043.jpg,1
image_5044.jpg,1
image_5045.jpg,1
image_5046.jpg,1
image_5047.jpg,1
image_5048.jpg,1
image_5049.jpg,1
image_5050.jpg,1
image_5051.jpg,1
image_5052.jpg,1
image_5053.jpg,1
image_5054.jpg,1
image_5055.jpg,1
image_5056.jpg,1
image_5057.jpg,1
image_5058.jpg,1
image_5059.jpg,1
image_5060.jpg,1
image_5061.jpg,1
image_5062.jpg,1
image_5063.jpg,1
image_5064.jpg,1
image_5065.jpg,1
image_5066.jpg,1
image_5067.jpg,1
image_5068.jpg,1
image_5069.jpg,1
image_5070.jpg,1
image_5071.jpg,1
image_5072.jpg,1
image_5073.jpg,1
image_5074.jpg,1
image_5075.jpg,1
image_5076.jpg,1
image_5077.jpg,1
image_5078.jpg,1
image_5079.jpg,1
image_5080.jpg,1
image_5081.jpg,1
image_5082.jpg,1
image_5083.jpg,1
image_5084.jpg,1
image_5085.jpg,1
image_5086.jpg,1
image_5087.jpg,1
image_5088.jpg,1
image_5089.jpg,1
image_5090.jpg,1
image_5091.jpg,1
image_5092.jpg,1
image_5093.jpg,1
image_5094.jpg,1
image_5095.jpg,1
image_5096.jpg,1
image_5097.jpg,1
image_5098.jpg,1
image_5099.jpg,1
image_5100.jpg,1
image_5101.jpg,1
image_5102.jpg,1
image_5103.jpg,1
image_5104.jpg,1
image_5105.jpg,1
image_5106.jpg,1
image_5107.jpg,1
image_5108.jpg,1
image_5109.jpg,1
image_5110.jpg,1
image_5111.jpg,1
image_5112.jpg,1
image_5113.jpg,1
image_5114.jpg,1
image_5115.jpg,1
image_5116.jpg,1
image_5117.jpg,1
image_5118.jpg,1
image_5119.jpg,1
image_5120.jpg,1
image_5121.jpg,1
image_5122.jpg,1
image_5123.jpg,1
image_5124.jpg,1
image_5125.jpg,1
image_5126.jpg,1
image_5127.jpg,1
image_5128.jpg,1
image_5129.jpg,1
image_5130.jpg,1
image_5131.jpg,1
image_5132.jpg,1
image_5133.jpg,1
image_5134.jpg,1
image_5135.jpg,1
image_5136.jpg,1
image_5137.jpg,1
image_5138.jpg,1
image_5139.jpg,1
image_5140.jpg,1
image_5141.jpg,1
image_5142.jpg,1
image_5143.jpg,1
image_5144.jpg,1
image_5145.jpg,1
image_5146.jpg,1
image_5147.jpg,1
image_5148.jpg,1
image_5149.jpg,1
image_5150.jpg,1
image_5151.jpg,1
image_5152.jpg,1
image_5153.jpg,1
image_5154.jpg,1
image_5155.jpg,1
image_5156.jpg,1
image_5157.jpg,1
image_5158.jpg,1
image_5159.jpg,1
image_5160.jpg,1
image_5161.jpg,1
image_5162.jpg,1
image_5163.jpg,1
image_5164.jpg,1
image_5165.jpg,1
image_5166.jpg,1
image_5167.jpg,1
image_5168.jpg,1
image_5169.jpg,1
image_5170.jpg,1
image_5171.jpg,1
image_5172.jpg,1
image_5173.jpg,1
image_5174.jpg,1
image_5175.jpg,1
image_5176.jpg,1
image_5177.jpg,1
image_5178.jpg,1
image_5179.jpg,1
image_5180.jpg,1
image_5181.jpg,1
image_5182.jpg,1
image_5183.jpg,1
image_5184.jpg,1
image_5185.jpg,1
image_5186.jpg,1
image_5187.jpg,1
image_5188.jpg,1
image_5189.jpg,1
image_5190.jpg,1
image_5191.jpg,1
image_5192.jpg,1
image_5193.jpg,1
image_5194.jpg,1
image_5195.jpg,1
image_5196.jpg,1
image_5197.jpg,1
image_5198.jpg,1
image_5199.jpg,1
image_5200.jpg,1
image_5201.jpg,1
image_5202.jpg,1
image_5203.jpg,1
image_5204.jpg,1
image_5205.jpg,1
image_5206.jpg,1
image_5207.jpg,1
image_5208.jpg,1
image_5209.jpg,1
image_5210.jpg,1
image_5211.jpg,1
image_5212.jpg,1
image_5213.jpg,1
image_5214.jpg,1
image_5215.jpg,1
image_0.jpg,0
image_1.jpg,0
image_2.jpg,0
image_3.jpg,0
image_4.jpg,0
image_5.jpg,0
image_6.jpg,0
image_7.jpg,0
image_8.jpg,1
image_9.jpg,1
image_10.jpg,1
image_11.jpg,1
image_12.jpg,1
image_13.jpg,1
image_14.jpg,1
image_15.jpg,1
image_0.jpg,0
image_1.jpg,0
image_2.jpg,0
image_3.jpg,0
image_4.jpg,0
image_5.jpg,0
image_6.jpg,0
image_7.jpg,0
image_8.jpg,0
image_9.jpg,0
image_10.jpg,0
image_11.jpg,0
image_12.jpg,0
image_13.jpg,0
image_14.jpg,0
image_15.jpg,0
image_16.jpg,0
image_17.jpg,0
image_18.jpg,0
image_19.jpg,0
image_20.jpg,0
image_21.jpg,0
image_22.jpg,0
image_23.jpg,0
image_24.jpg,0
image_25.jpg,0
image_26.jpg,0
image_27.jpg,0
image_28.jpg,0
image_29.jpg,0
image_30.jpg,0
image_31.jpg,0
image_32.jpg,0
image_33.jpg,0
image_34.jpg,0
image_35.jpg,0
image_36.jpg,0
image_37.jpg,0
image_38.jpg,0
image_39.jpg,0
image_40.jpg,0
image_41.jpg,0
image_42.jpg,0
image_43.jpg,0
image_44.jpg,0
image_45.jpg,0
image_46.jpg,0
image_47.jpg,0
image_48.jpg,0
image_49.jpg,0
image_50.jpg,0
image_51.jpg,0
image_52.jpg,0
image_53.jpg,0
image_54.jpg,0
image_55.jpg,0
image_56.jpg,0
image_57.jpg,0
image_58.jpg,0
image_59.jpg,0
image_60.jpg,0
image_61.jpg,0
image_62.jpg,0
image_63.jpg,0
image_64.jpg,0
image_65.jpg,0
image_66.jpg,0
image_67.jpg,0
image_68.jpg,0
image_69.jpg,0
image_70.jpg,0
image_71.jpg,0
image_72.jpg,0
image_73.jpg,0
image_74.jpg,0
image_75.jpg,0
image_76.jpg,0
image_77.jpg,0
image_78.jpg,0
image_79.jpg,0
image_80.jpg,0
image_81.jpg,0
image_82.jpg,0
image_83.jpg,0
image_84.jpg,0
image_85.jpg,0
image_86.jpg,0
image_87.jpg,0
image_88.jpg,0
image_89.jpg,0
image_90.jpg,0
image_91.jpg,0
image_92.jpg,0
image_93.jpg,0
image_94.jpg,0
image_95.jpg,0
image_96.jpg,0
image_97.jpg,0
image_98.jpg,0
image_99.jpg,0
image_100.jpg,0
image_101.jpg,0
image_102.jpg,0
image_103.jpg,0
image_104.jpg,0
image_105.jpg,0
image_106.jpg,0
image_107.jpg,0
image_108.jpg,0
image_109.jpg,0
image_110.jpg,0
image_111.jpg,0
image_112.jpg,0
image_113.jpg,0
image_114.jpg,0
image_115.jpg,0
image_116.jpg,0
image_117.jpg,0
image_118.jpg,0
image_119.jpg,0
image_120.jpg,0
image_121.jpg,0
image_122.jpg,0
image_123.jpg,0
image_124.jpg,0
image_125.jpg,0
image_126.jpg,0
image_127.jpg,0
image_128.jpg,0
image_129.jpg,0
image_130.jpg,0
image_131.jpg,0
image_132.jpg,0
image_133.jpg,0
image_134.jpg,0
image_135.jpg,0
image_136.jpg,0
image_137.jpg,0
image_138.jpg,0
image_139.jpg,0
image_140.jpg,0
image_141.jpg,0
image_142.jpg,0
image_143.jpg,0
image_144.jpg,0
image_145.jpg,0
image_146.jpg,0
image_147.jpg,0
image_148.jpg,0
image_149.jpg,0
image_150.jpg,0
image_151.jpg,0
image_152.jpg,0
image_153.jpg,0
image_154.jpg,0
image_155.jpg,0
image_156.jpg,0
image_157.jpg,0
image_158.jpg,0
image_159.jpg,0
image_160.jpg,0
image_161.jpg,0
image_162.jpg,0
image_163.jpg,0
image_164.jpg,0
image_165.jpg,0
image_166.jpg,0
image_167.jpg,0
image_168.jpg,0
image_169.jpg,0
image_170.jpg,0
image_171.jpg,0
image_172.jpg,0
image_173.jpg,0
image_174.jpg,0
image_175.jpg,0
image_176.jpg,0
image_177.jpg,0
image_178.jpg,0
image_179.jpg,0
image_180.jpg,0
image_181.jpg,0
image_182.jpg,0
image_183.jpg,0
image_184.jpg,0
image_185.jpg,0
image_186.jpg,0
image_187.jpg,0
image_188.jpg,0
image_189.jpg,0
image_190.jpg,0
image_191.jpg,0
image_192.jpg,0
image_193.jpg,0
image_194.jpg,0
image_195.jpg,0
image_196.jpg,0
image_197.jpg,0
image_198.jpg,0
image_199.jpg,0
image_200.jpg,0
image_201.jpg,0
image_202.jpg,0
image_203.jpg,0
image_204.jpg,0
image_205.jpg,0
image_206.jpg,0
image_207.jpg,0
image_208.jpg,0
image_209.jpg,0
image_210.jpg,0
image_211.jpg,0
image_212.jpg,0
image_213.jpg,0
image_214.jpg,0
image_215.jpg,0
image_216.jpg,0
image_217.jpg,0
image_218.jpg,0
image_219.jpg,0
image_220.jpg,0
image_221.jpg,0
image_222.jpg,0
image_223.jpg,0
image_224.jpg,0
image_225.jpg,0
image_226.jpg,0
image_227.jpg,0
image_228.jpg,0
image_229.jpg,0
image_230.jpg,0
image_231.jpg,0
image_232.jpg,0
image_233.jpg,0
image_234.jpg,1
image_235.jpg,1
image_236.jpg,1
image_237.jpg,1
image_238.jpg,1
image_239.jpg,1
image_240.jpg,1
image_241.jpg,1
image_242.jpg,1
image_243.jpg,1
image_244.jpg,1
image_245.jpg,1
image_246.jpg,1
image_247.jpg,1
image_248.jpg,1
image_249.jpg,1
image_250.jpg,1
image_251.jpg,1
image_252.jpg,1
image_253.jpg,1
image_254.jpg,1
image_255.jpg,1
image_256.jpg,1
image_257.jpg,1
image_258.jpg,1
image_259.jpg,1
image_260.jpg,1
image_261.jpg,1
image_262.jpg,1
image_263.jpg,1
image_264.jpg,1
image_265.jpg,1
image_266.jpg,1
image_267.jpg,1
image_268.jpg,1
image_269.jpg,1
image_270.jpg,1
image_271.jpg,1
image_272.jpg,1
image_273.jpg,1
image_274.jpg,1
image_275.jpg,1
image_276.jpg,1
image_277.jpg,1
image_278.jpg,1
image_279.jpg,1
image_280.jpg,1
image_281.jpg,1
image_282.jpg,1
image_283.jpg,1
image_284.jpg,1
image_285.jpg,1
image_286.jpg,1
image_287.jpg,1
image_288.jpg,1
image_289.jpg,1
image_290.jpg,1
image_291.jpg,1
image_292.jpg,1
image_293.jpg,1
image_294.jpg,1
image_295.jpg,1
image_296.jpg,1
image_297.jpg,1
image_298.jpg,1
image_299.jpg,1
image_300.jpg,1
image_301.jpg,1
image_302.jpg,1
image_303.jpg,1
image_304.jpg,1
image_305.jpg,1
image_306.jpg,1
image_307.jpg,1
image_308.jpg,1
image_309.jpg,1
image_310.jpg,1
image_311.jpg,1
image_312.jpg,1
image_313.jpg,1
image_314.jpg,1
image_315.jpg,1
image_316.jpg,1
image_317.jpg,1
image_318.jpg,1
image_319.jpg,1
image_320.jpg,1
image_321.jpg,1
image_322.jpg,1
image_323.jpg,1
image_324.jpg,1
image_325.jpg,1
image_326.jpg,1
image_327.jpg,1
image_328.jpg,1
image_329.jpg,1
image_330.jpg,1
image_331.jpg,1
image_332.jpg,1
image_333.jpg,1
image_334.jpg,1
image_335.jpg,1
image_336.jpg,1
image_337.jpg,1
image_338.jpg,1
image_339.jpg,1
image_340.jpg,1
image_341.jpg,1
image_342.jpg,1
image_343.jpg,1
image_344.jpg,1
image_345.jpg,1
image_346.jpg,1
image_347.jpg,1
image_348.jpg,1
image_349.jpg,1
image_350.jpg,1
image_351.jpg,1
image_352.jpg,1
image_353.jpg,1
image_354.jpg,1
image_355.jpg,1
image_356.jpg,1
image_357.jpg,1
image_358.jpg,1
image_359.jpg,1
image_360.jpg,1
image_361.jpg,1
image_362.jpg,1
image_363.jpg,1
image_364.jpg,1
image_365.jpg,1
image_366.jpg,1
image_367.jpg,1
image_368.jpg,1
image_369.jpg,1
image_370.jpg,1
image_371.jpg,1
image_372.jpg,1
image_373.jpg,1
image_374.jpg,1
image_375.jpg,1
image_376.jpg,1
image_377.jpg,1
image_378.jpg,1
image_379.jpg,1
image_380.jpg,1
image_381.jpg,1
image_382.jpg,1
image_383.jpg,1
image_384.jpg,1
image_385.jpg,1
image_386.jpg,1
image_387.jpg,1
image_388.jpg,1
image_389.jpg,1
image_390.jpg,1
image_391.jpg,1
image_392.jpg,1
image_393.jpg,1
image_394.jpg,1
image_395.jpg,1
image_396.jpg,1
image_397.jpg,1
image_398.jpg,1
image_399.jpg,1
image_400.jpg,1
image_401.jpg,1
image_402.jpg,1
image_403.jpg,1
image_404.jpg,1
image_405.jpg,1
image_406.jpg,1
image_407.jpg,1
image_408.jpg,1
image_409.jpg,1
image_410.jpg,1
image_411.jpg,1
image_412.jpg,1
image_413.jpg,1
image_414.jpg,1
image_415.jpg,1
image_416.jpg,1
image_417.jpg,1
image_418.jpg,1
image_419.jpg,1
image_420.jpg,1
image_421.jpg,1
image_422.jpg,1
image_423.jpg,1
image_424.jpg,1
image_425.jpg,1
image_426.jpg,1
image_427.jpg,1
image_428.jpg,1
image_429.jpg,1
image_430.jpg,1
image_431.jpg,1
image_432.jpg,1
image_433.jpg,1
image_434.jpg,1
image_435.jpg,1
image_436.jpg,1
image_437.jpg,1
image_438.jpg,1
image_439.jpg,1
image_440.jpg,1
image_441.jpg,1
image_442.jpg,1
image_443.jpg,1
image_444.jpg,1
image_445.jpg,1
image_446.jpg,1
image_447.jpg,1
image_448.jpg,1
image_449.jpg,1
image_450.jpg,1
image_451.jpg,1
image_452.jpg,1
image_453.jpg,1
image_454.jpg,1
image_455.jpg,1
image_456.jpg,1
image_457.jpg,1
image_458.jpg,1
image_459.jpg,1
image_460.jpg,1
image_461.jpg,1
image_462.jpg,1
image_463.jpg,1
image_464.jpg,1
image_465.jpg,1
image_466.jpg,1
image_467.jpg,1
image_468.jpg,1
image_469.jpg,1
image_470.jpg,1
image_471.jpg,1
image_472.jpg,1
image_473.jpg,1
image_474.jpg,1
image_475.jpg,1
image_476.jpg,1
image_477.jpg,1
image_478.jpg,1
image_479.jpg,1
image_480.jpg,1
image_481.jpg,1
image_482.jpg,1
image_483.jpg,1
image_484.jpg,1
image_485.jpg,1
image_486.jpg,1
image_487.jpg,1
image_488.jpg,1
image_489.jpg,1
image_490.jpg,1
image_491.jpg,1
image_492.jpg,1
image_493.jpg,1
image_494.jpg,1
image_495.jpg,1
image_496.jpg,1
image_497.jpg,1
image_498.jpg,1
image_499.jpg,1
image_500.jpg,1
image_501.jpg,1
image_502.jpg,1
image_503.jpg,1
image_504.jpg,1
image_505.jpg,1
image_506.jpg,1
image_507.jpg,1
image_508.jpg,1
image_509.jpg,1
image_510.jpg,1
image_511.jpg,1
image_512.jpg,1
image_513.jpg,1
image_514.jpg,1
image_515.jpg,1
image_516.jpg,1
image_517.jpg,1
image_518.jpg,1
image_519.jpg,1
image_520.jpg,1
image_521.jpg,1
image_522.jpg,1
image_523.jpg,1
image_524.jpg,1
image_525.jpg,1
image_526.jpg,1
image_527.jpg,1
image_528.jpg,1
image_529.jpg,1
image_530.jpg,1
image_531.jpg,1
image_532.jpg,1
image_533.jpg,1
image_534.jpg,1
image_535.jpg,1
image_536.jpg,1
image_537.jpg,1
image_538.jpg,1
image_539.jpg,1
image_540.jpg,1
image_541.jpg,1
image_542.jpg,1
image_543.jpg,1
image_544.jpg,1
image_545.jpg,1
image_546.jpg,1
image_547.jpg,1
image_548.jpg,1
image_549.jpg,1
image_550.jpg,1
image_551.jpg,1
image_552.jpg,1
image_553.jpg,1
image_554.jpg,1
image_555.jpg,1
image_556.jpg,1
image_557.jpg,1
image_558.jpg,1
image_559.jpg,1
image_560.jpg,1
image_561.jpg,1
image_562.jpg,1
image_563.jpg,1
image_564.jpg,1
image_565.jpg,1
image_566.jpg,1
image_567.jpg,1
image_568.jpg,1
image_569.jpg,1
image_570.jpg,1
image_571.jpg,1
image_572.jpg,1
image_573.jpg,1
image_574.jpg,1
image_575.jpg,1
image_576.jpg,1
image_577.jpg,1
image_578.jpg,1
image_579.jpg,1
image_580.jpg,1
image_581.jpg,1
image_582.jpg,1
image_583.jpg,1
image_584.jpg,1
image_585.jpg,1
image_586.jpg,1
image_587.jpg,1
image_588.jpg,1
image_589.jpg,1
image_590.jpg,1
image_591.jpg,1
image_592.jpg,1
image_593.jpg,1
image_594.jpg,1
image_595.jpg,1
image_596.jpg,1
image_597.jpg,1
image_598.jpg,1
image_599.jpg,1
image_600.jpg,1
image_601.jpg,1
image_602.jpg,1
image_603.jpg,1
image_604.jpg,1
image_605.jpg,1
image_606.jpg,1
image_607.jpg,1
image_608.jpg,1
image_609.jpg,1
image_610.jpg,1
image_611.jpg,1
image_612.jpg,1
image_613.jpg,1
image_614.jpg,1
image_615.jpg,1
image_616.jpg,1
image_617.jpg,1
image_618.jpg,1
image_619.jpg,1
image_620.jpg,1
image_621.jpg,1
image_622.jpg,1
image_623.jpg,1
